线路,行别,站区,隧道名称,锚段号,杆号,跨距,公里标,导高,拉出值,结构类型,GPS经度,GPS纬度
西环线,下行,乐化普速场,,,,,,,,,,
西环线,下行,乐化普速场-生米,,,Z01,50,0.279,6450,300,,,
西环线,下行,乐化普速场-生米,,,Z03,55,0.328,6450,300,,,
西环线,下行,乐化普速场-生米,,,Z05,50,0.385,6450,300,,,
西环线,下行,乐化普速场-生米,,,Z07,50,0.435,6450,300,硬锚,,
西环线,下行,乐化普速场-生米,,,Z09,50,0.486,6450,200,转换柱,,
西环线,下行,乐化普速场-生米,,,Z11,50,0.538,6450,225/225,锚柱（滑轮补）,,
西环线,下行,乐化普速场-生米,,,Z13,49,0.583,6450,200,,,
西环线,下行,乐化普速场-生米,,,Z15,2.5,0.585,6450,700,转换柱,,
西环线,下行,乐化普速场-生米,,,Z17,48.5,0.633,6450,225/225,锚柱（滑轮补）,,
西环线,下行,乐化普速场-生米,,,Z19,50,0.683,6450,200,,,
西环线,下行,乐化普速场-生米,,,Z21,50,0.733,6450,300,硬锚,,
西环线,下行,乐化普速场-生米,,,Z23,50,0.783,6450,300,转换柱,,
西环线,下行,乐化普速场-生米,,,Z25,55,0.837,6450,250,转换柱,,
西环线,下行,乐化普速场-生米,,,Z27,55,0.893,6450,250,吸上线,,
西环线,下行,乐化普速场-生米,,,Z29,55,0.957,6450,250,,,
西环线,下行,乐化普速场-生米,,,Z31,55,1.007,6450,250,,,
西环线,下行,乐化普速场-生米,,,Z33,50,1.059,6450,250,,,
西环线,下行,乐化普速场-生米,,,Z35,50,1.102,6450,250,,,
西环线,下行,乐化普速场-生米,,,Z37,50,1.147,6450,100,,,
西环线,下行,乐化普速场-生米,,,Z39,51.77,1.192,6450,300,,,
西环线,下行,乐化普速场-生米,,,Z41,55,1.243,6450,300,,,
西环线,下行,乐化普速场-生米,,,Z43,50,1.293,6450,300,,,
西环线,下行,乐化普速场-生米,,,Z45,55,1.343,6450,300,,,
西环线,下行,乐化普速场-生米,,,Z47,55,1.393,6450,300,,,
西环线,下行,乐化普速场-生米,,,Z49,60,1.443,6450,300,,,
西环线,下行,乐化普速场-生米,,,Z51,60,1.497,6450,300,,,
西环线,下行,乐化普速场-生米,,,Z53,60,1.567,6450,300,,,
西环线,下行,乐化普速场-生米,,,Z55,55,1.619,6450,300,硬锚,,
西环线,下行,乐化普速场-生米,,,Z57,55,1.668,6450,300,转换柱,,
西环线,下行,乐化普速场-生米,,,Z59,50,1.718,6450,100/300,中心柱,,
西环线,下行,乐化普速场-生米,,,Z61,50,1.768,6450,300/100,中心柱,,
西环线,下行,乐化普速场-生米,,,Z63,50,1.82,6450,300,转换柱,,
西环线,下行,乐化普速场-生米,,,Z65,50,1.873,6450,150,锚柱（棘轮）,,
西环线,下行,乐化普速场-生米,,,Z67,50,1.925,6450,150,,,
西环线,下行,乐化普速场-生米,,,Z69,70,1.975,6450,300,,,
西环线,下行,乐化普速场-生米,,,1,70,2.074,6450,150,,,
西环线,下行,乐化普速场-生米,,,3,55,2.129,6450,150,,,
西环线,下行,乐化普速场-生米,,,5,55,2.194,6450,300,,,
西环线,下行,乐化普速场-生米,,,7,55,2.252,6450,300,,,
西环线,下行,乐化普速场-生米,,,9,65,2.317,6450,300,,,
西环线,下行,乐化普速场-生米,,,11,55,2.372,6450,300,硬锚,,
西环线,下行,乐化普速场-生米,,,13,52,2.424,6450,150,转换柱,,
西环线,下行,乐化普速场-生米,,,15,60,2.484,6450,300/150,中心柱,,
西环线,下行,乐化普速场-生米,,,17,50,2.534,6450,250,转换柱,,
西环线,下行,乐化普速场-生米,,,19,50,2.584,6450,250,锚柱,,
西环线,下行,乐化普速场-生米,,,21,55,2.629,6450,250,,,
西环线,下行,乐化普速场-生米,,,23,50,2.679,6450,250,,,
西环线,下行,乐化普速场-生米,,,25,55,2.734,6450,250,,,
西环线,下行,乐化普速场-生米,,,27,55,2.789,6450,250,吸上线,,
西环线,下行,乐化普速场-生米,,,29,50,2.839,6450,250,,,
西环线,下行,乐化普速场-生米,,,31,55,2.894,6450,250,,,
西环线,下行,乐化普速场-生米,,,33,50,2.944,6450,200,,,
西环线,下行,乐化普速场-生米,,,35,48.35,2.993,6450,150,,,
西环线,下行,乐化普速场-生米,,,37,40,3.033,6450,300,,,
西环线,下行,乐化普速场-生米,,,39,40,3.073,6450,300,,,
西环线,下行,乐化普速场-生米,,,41,46.65,3.119,6450,300,锚柱,,
西环线,下行,乐化普速场-生米,,,43,50,3.169,6450,300,转换柱,,
西环线,下行,乐化普速场-生米,,,45,50,3.219,6450,300/100,中心柱,,
西环线,下行,乐化普速场-生米,,,47,50,3.269,6450,200,转换柱,,
西环线,下行,乐化普速场-生米,,,49,50,3.319,6450,300,锚柱,,
西环线,下行,乐化普速场-生米,,,51,55,3.374,6450,300,,,
西环线,下行,乐化普速场-生米,,,53,55,3.429,6450,300,,,
西环线,下行,乐化普速场-生米,,,55,55,3.484,6450,300,,,
西环线,下行,乐化普速场-生米,,,57,55,3.539,6450,300,,,
西环线,下行,乐化普速场-生米,,,59,55,3.594,6450,300,,,
西环线,下行,乐化普速场-生米,,,61,55,3.649,6450,300,,,
西环线,下行,乐化普速场-生米,,,63,55,3.704,6450,300,,,
西环线,下行,乐化普速场-生米,,,65,50,3.754,6450,300,,,
西环线,下行,乐化普速场-生米,,,67,50,3.804,6450,300,,,
西环线,下行,乐化普速场-生米,,,69,50,3.854,6450,300,,,
西环线,下行,乐化普速场-生米,,,71,55,3.909,6450,300,,,
西环线,下行,乐化普速场-生米,,,73,55,3.964,6450,300,,,
西环线,下行,乐化普速场-生米,,,75,50,4.014,6450,300,,,
西环线,下行,乐化普速场-生米,,,77,50,4.064,6450,300,,,
西环线,下行,乐化普速场-生米,,,79,45,4.109,6450,300,,,
西环线,下行,乐化普速场-生米,,,81,50,4.159,6450,300,,,
西环线,下行,乐化普速场-生米,,,83,50,4.209,6450,300,,,
西环线,下行,乐化普速场-生米,,,85,50,4.259,6450,300,,,
西环线,下行,乐化普速场-生米,,,87,50,4.309,6450,300,,,
西环线,下行,乐化普速场-生米,,,89,36.75,4.346,6450,300,,,
西环线,下行,乐化普速场-生米,,,91,24.8,4.371,6450,300,,,
西环线,下行,乐化普速场-生米,,,93,32.6,4.403,6450,300,,,
西环线,下行,乐化普速场-生米,,,95,32.7,4.436,6450,300,,,
西环线,下行,乐化普速场-生米,,,97,32.7,4.469,6450,300,锚柱,,
西环线,下行,乐化普速场-生米,,,99,32.7,4.502,6450,300,转换柱,,
西环线,下行,乐化普速场-生米,,,101,32.7,4.534,6450,300/100,中心柱,,
西环线,下行,乐化普速场-生米,,,103,32.7,4.567,6450,300,转换柱,,
西环线,下行,乐化普速场-生米,,,105,32.7,4.6,6450,300,转换柱,,
西环线,下行,乐化普速场-生米,,,107,32.7,4.632,6450,300,锚柱,,
西环线,下行,乐化普速场-生米,,,109,32.7,4.665,6450,300,,,
西环线,下行,乐化普速场-生米,,,111,32.7,4.698,6450,300,,,
西环线,下行,乐化普速场-生米,,,113,32.7,4.73,6450,300,,,
西环线,下行,乐化普速场-生米,,,115,32.7,4.763,6450,300,,,
西环线,下行,乐化普速场-生米,,,117,32.7,4.796,6450,300,,,
西环线,下行,乐化普速场-生米,,,119,32.7,4.829,6450,300,,,
西环线,下行,乐化普速场-生米,,,121,32.7,4.861,6450,300,,,
西环线,下行,乐化普速场-生米,,,123,32.7,4.894,6450,150,,,
西环线,下行,乐化普速场-生米,,,125,32.7,4.927,6450,150,,,
西环线,下行,乐化普速场-生米,,,127,32.7,4.959,6450,150,,,
西环线,下行,乐化普速场-生米,,,129,32.7,4.992,6450,150,,,
西环线,下行,乐化普速场-生米,,,131,32.7,5.025,6450,150,,,
西环线,下行,乐化普速场-生米,,,133,32.7,5.057,6450,150,,,
西环线,下行,乐化普速场-生米,,,135,32.7,5.09,6450,150,,,
西环线,下行,乐化普速场-生米,,,137,32.7,5.123,6450,150,,,
西环线,下行,乐化普速场-生米,,,139,32.7,5.156,6450,150,,,
西环线,下行,乐化普速场-生米,,,141,32.7,5.188,6450,150,,,
西环线,下行,乐化普速场-生米,,,143,32.7,5.221,6450,150,,,
西环线,下行,乐化普速场-生米,,,145,32.7,5.254,6450,150,,,
西环线,下行,乐化普速场-生米,,,147,32.7,5.286,6450,150,,,
西环线,下行,乐化普速场-生米,,,149,32.7,5.319,6450,150,,,
西环线,下行,乐化普速场-生米,,,151,32.7,5.352,6450,150,,,
西环线,下行,乐化普速场-生米,,,153,32.7,5.384,6450,150,,,
西环线,下行,乐化普速场-生米,,,155,32.7,5.417,6450,150,,,
西环线,下行,乐化普速场-生米,,,157,44.11,5.461,6450,150,,,
西环线,下行,乐化普速场-生米,,,159,42.85,5.504,6450,150,,,
西环线,下行,乐化普速场-生米,,,161,44,5.548,6450,150,,,
西环线,下行,乐化普速场-生米,,,163,45.04,5.593,6450,150,,,
西环线,下行,乐化普速场-生米,,,165,45,5.638,6450,150,,,
西环线,下行,乐化普速场-生米,,,167,50,5.688,6450,150,,,
西环线,下行,乐化普速场-生米,,,169,55,5.743,6450,150,,,
西环线,下行,乐化普速场-生米,,,171,55,5.798,6450,150,,,
西环线,下行,乐化普速场-生米,,,173,50,5.848,6450,300,锚柱,,
西环线,下行,乐化普速场-生米,,,175,45,5.893,6450,300,转换柱,,
西环线,下行,乐化普速场-生米,,,177,45.38,5.938,6450,300/100,中心柱,,
西环线,下行,乐化普速场-生米,,,179,42.1,5.981,6450,300,转换柱,,
西环线,下行,乐化普速场-生米,,,181,39.04,6.02,6450,300,锚柱,,
西环线,下行,乐化普速场-生米,,,183,45,6.065,6450,300,,,
西环线,下行,乐化普速场-生米,,,185,45,6.11,6450,300,,,
西环线,下行,乐化普速场-生米,,,187,40,6.15,6450,300,,,
西环线,下行,乐化普速场-生米,,,189,45,6.195,6450,300,,,
西环线,下行,乐化普速场-生米,,,191,50.28,6.245,6450,300,,,
西环线,下行,乐化普速场-生米,,,193,55,6.3,6450,300,,,
西环线,下行,乐化普速场-生米,,,195,55,6.355,6450,300,,,
西环线,下行,乐化普速场-生米,,,197,55,6.41,6450,300,,,
西环线,下行,乐化普速场-生米,,,199,45.13,6.455,6450,300,,,
西环线,下行,乐化普速场-生米,,,201,55.19,6.51,6450,300,,,
西环线,下行,乐化普速场-生米,,,203,47.37,6.558,6450,300,,,
西环线,下行,乐化普速场-生米,,,205,45.12,6.603,6450,300,,,
西环线,下行,乐化普速场-生米,,,207,40.98,6.644,6450,300,,,
西环线,下行,乐化普速场-生米,,,209,44.42,6.688,6450,300,,,
西环线,下行,乐化普速场-生米,,,211,45,6.733,6450,300,,,
西环线,下行,乐化普速场-生米,,,213,45,6.778,6450,300,,,
西环线,下行,乐化普速场-生米,,,215,45,6.823,6450,300,,,
西环线,下行,乐化普速场-生米,,,217,45,6.868,6450,300,,,
西环线,下行,乐化普速场-生米,,,219,45.97,6.914,6450,300,,,
西环线,下行,乐化普速场-生米,,,221,50,6.964,6450,300,,,
西环线,下行,乐化普速场-生米,,,223,55,7.019,6450,300,锚柱,,
西环线,下行,乐化普速场-生米,,,225,55,7.074,6450,300,转换柱,,
西环线,下行,乐化普速场-生米,,,227,50,7.124,6450,300/100,中心柱,,
西环线,下行,乐化普速场-生米,,,229,50,7.174,6450,300,转换柱,,
西环线,下行,乐化普速场-生米,,,231,55,7.229,6450,300,锚柱,,
西环线,下行,乐化普速场-生米,,,233,47,7.276,6450,300,,,
西环线,下行,乐化普速场-生米,,,235,50,7.326,6450,300,,,
西环线,下行,乐化普速场-生米,,,237,53.18,7.379,6450,300,,,
西环线,下行,乐化普速场-生米,,,239,49.1,7.428,6450,300,,,
西环线,下行,乐化普速场-生米,,,241,49.05,7.477,6450,300,,,
西环线,下行,乐化普速场-生米,,,243,49.1,7.527,6450,300,,,
西环线,下行,乐化普速场-生米,,,245,49,7.576,6450,300,,,
西环线,下行,乐化普速场-生米,,,247,49.1,7.625,6450,300,,,
西环线,下行,乐化普速场-生米,,,249,49.05,7.674,6450,300,,,
西环线,下行,乐化普速场-生米,,,251,49.1,7.723,6450,300,,,
西环线,下行,乐化普速场-生米,,,253,49.1,7.772,6450,300,,,
西环线,下行,乐化普速场-生米,,,255,49.1,7.821,6450,300,,,
西环线,下行,乐化普速场-生米,,,257,49.1,7.87,6450,300,,,
西环线,下行,乐化普速场-生米,,,259,49.1,7.919,6450,300,,,
西环线,下行,乐化普速场-生米,,,261,49.1,7.968,6450,300,,,
西环线,下行,乐化普速场-生米,,,263,49.1,8.017,6450,300,,,
西环线,下行,乐化普速场-生米,,,265,49.1,8.066,6450,300,,,
西环线,下行,乐化普速场-生米,,,267,49.1,8.116,6450,300,,,
西环线,下行,乐化普速场-生米,,,269,49.1,8.165,6450,300,,,
西环线,下行,乐化普速场-生米,,,271,49.1,8.214,6450,300,,,
西环线,下行,乐化普速场-生米,,,273,49.1,8.263,6450,300,,,
西环线,下行,乐化普速场-生米,,,275,51.35,8.314,6450,300,,,
西环线,下行,乐化普速场-生米,,,277,50,8.364,6450,50,,,
西环线,下行,乐化普速场-生米,,,279,50,8.414,6450,300,锚柱,,
西环线,下行,乐化普速场-生米,,,281,45,8.459,6450,300,转换柱,,
西环线,下行,乐化普速场-生米,,,283,45,8.504,6450,300/100,中心柱,,
西环线,下行,乐化普速场-生米,,,285,50.24,8.554,6450,300,转换柱,,
西环线,下行,乐化普速场-生米,,,287,55,8.609,6450,300,锚柱,,
西环线,下行,乐化普速场-生米,,,289,55,8.664,6450,300,,,
西环线,下行,乐化普速场-生米,,,291,55,8.719,6450,300,,,
西环线,下行,乐化普速场-生米,,,293,50,8.769,6450,300,,,
西环线,下行,乐化普速场-生米,,,295,55,8.824,6450,300,,,
西环线,下行,乐化普速场-生米,,,297,50,8.874,6450,300,,,
西环线,下行,乐化普速场-生米,,,299,50,8.924,6450,300,,,
西环线,下行,乐化普速场-生米,,,301,55,8.979,6450,300,,,
西环线,下行,乐化普速场-生米,,,303,55,9.034,6450,300,,,
西环线,下行,乐化普速场-生米,,,305,55,9.089,6450,300,,,
西环线,下行,乐化普速场-生米,,,307,55,9.144,6450,300,,,
西环线,下行,乐化普速场-生米,,,309,55,9.199,6450,300,,,
西环线,下行,乐化普速场-生米,,,311,50,9.249,6450,300,,,
西环线,下行,乐化普速场-生米,,,313,50,9.299,6450,300,,,
西环线,下行,乐化普速场-生米,,,315,50,9.349,6450,300,,,
西环线,下行,乐化普速场-生米,,,317,50,9.399,6450,300,,,
西环线,下行,乐化普速场-生米,,,319,50,9.449,6450,300,,,
西环线,下行,乐化普速场-生米,,,321,50,9.499,6450,300,,,
西环线,下行,乐化普速场-生米,,,323,50,9.549,6450,300,锚柱,,
西环线,下行,乐化普速场-生米,,,325,55,9.604,6450,300,转换柱,,
西环线,下行,乐化普速场-生米,,,327,50,9.654,6450,300/100,中心柱,,
西环线,下行,乐化普速场-生米,,,329,50,9.704,6450,300,转换柱,,
西环线,下行,乐化普速场-生米,,,331,55,9.759,6450,300,锚柱,,
西环线,下行,乐化普速场-生米,,,333,44.95,9.804,6450,300,,,
西环线,下行,乐化普速场-生米,,,335,46.18,9.851,6450,300,,,
西环线,下行,乐化普速场-生米,,,337,49.15,9.9,6450,300,,,
西环线,下行,乐化普速场-生米,,,339,49.1,9.949,6450,300,,,
西环线,下行,乐化普速场-生米,,,341,49.15,9.998,6450,300,,,
西环线,下行,乐化普速场-生米,,,343,48.98,10.047,6450,300,,,
西环线,下行,乐化普速场-生米,,,345,49.15,10.096,6450,300,,,
西环线,下行,乐化普速场-生米,,,347,48.95,10.145,6450,300,,,
西环线,下行,乐化普速场-生米,,,349,49.15,10.194,6450,300,,,
西环线,下行,乐化普速场-生米,,,351,48.95,10.243,6450,300,,,
西环线,下行,乐化普速场-生米,,,353,49.15,10.292,6450,300,,,
西环线,下行,乐化普速场-生米,,,355,48.95,10.341,6450,300,,,
西环线,下行,乐化普速场-生米,,,357,49.15,10.39,6450,300,,,
西环线,下行,乐化普速场-生米,,,359,57,10.447,6450,300,,,
西环线,下行,乐化普速场-生米,,,361,49.06,10.496,6450,300,,,
西环线,下行,乐化普速场-生米,,,363,54.7,10.551,6450,300,,,
西环线,下行,乐化普速场-生米,,,365,55,10.606,6450,300,,,
西环线,下行,乐化普速场-生米,,,367,55,10.661,6450,300,,,
西环线,下行,乐化普速场-生米,,,369,55,10.716,6450,300,,,
西环线,下行,乐化普速场-生米,,,371,55,10.771,6450,300,,,
西环线,下行,乐化普速场-生米,,,373,50.31,10.821,6450,300,,,
西环线,下行,乐化普速场-生米,,,375,52,10.873,6450,300,,,
西环线,下行,乐化普速场-生米,,,377,50,10.923,6450,300,锚柱,,
西环线,下行,乐化普速场-生米,,,379,55,10.978,6450,300,转换柱,,
西环线,下行,乐化普速场-生米,,,381,55,11.033,6450,300/100,中心柱,,
西环线,下行,乐化普速场-生米,,,383,50,11.083,6450,300,转换柱,,
西环线,下行,乐化普速场-生米,,,385,55,11.138,6450,300,锚柱,,
西环线,下行,乐化普速场-生米,,,387,55,11.193,6450,300,,,
西环线,下行,乐化普速场-生米,,,389,55,11.248,6450,300,,,
西环线,下行,乐化普速场-生米,,,391,55,11.303,6450,300,,,
西环线,下行,乐化普速场-生米,,,393,55,11.358,6450,300,,,
西环线,下行,乐化普速场-生米,,,395,50,11.408,6450,300,,,
西环线,下行,乐化普速场-生米,,,397,50,11.458,6450,300,,,
西环线,下行,乐化普速场-生米,,,399,50,11.508,6450,300,,,
西环线,下行,乐化普速场-生米,,,401,55,11.563,6450,300,,,
西环线,下行,乐化普速场-生米,,,403,55,11.618,6450,300,,,
西环线,下行,乐化普速场-生米,,,405,50,11.668,6450,300,,,
西环线,下行,乐化普速场-生米,,,407,50,11.718,6450,300,,,
西环线,下行,乐化普速场-生米,,,409,55,11.773,6450,300,,,
西环线,下行,乐化普速场-生米,,,411,55,11.828,6450,300,,,
西环线,下行,乐化普速场-生米,,,413,50,11.878,6450,300,,,
西环线,下行,乐化普速场-生米,,,415,55,11.933,6450,300,,,
西环线,下行,乐化普速场-生米,,,417,50,11.983,6450,300,,,
西环线,下行,乐化普速场-生米,,,419,50,12.033,6450,300,,,
西环线,下行,乐化普速场-生米,,,421,55,12.088,6450,300,,,
西环线,下行,乐化普速场-生米,,,423,55,12.143,6450,300,锚柱,,
西环线,下行,乐化普速场-生米,,,425,50,12.193,6450,300,转换柱,,
西环线,下行,乐化普速场-生米,,,427,55,12.248,6450,300/100,中心柱,,
西环线,下行,乐化普速场-生米,,,429,55,12.303,6450,300,转换柱,,
西环线,下行,乐化普速场-生米,,,431,55,12.358,6450,300,锚柱,,
西环线,下行,乐化普速场-生米,,,433,50,12.408,6450,300,,,
西环线,下行,乐化普速场-生米,,,435,50,12.458,6450,300,,,
西环线,下行,乐化普速场-生米,,,437,50,12.508,6450,300,,,
西环线,下行,乐化普速场-生米,,,439,50,12.558,6450,300,,,
西环线,下行,乐化普速场-生米,,,441,49.72,12.608,6450,300,,,
西环线,下行,乐化普速场-生米,,,443,45,12.653,6450,300,,,
西环线,下行,乐化普速场-生米,,,445,46.18,12.699,6450,300,,,
西环线,下行,乐化普速场-生米,,,447,49.08,12.748,6450,300,,,
西环线,下行,乐化普速场-生米,,,449,49.08,12.798,6450,300,,,
西环线,下行,乐化普速场-生米,,,451,49.08,12.847,6450,300,,,
西环线,下行,乐化普速场-生米,,,453,49.08,12.896,6450,300,,,
西环线,下行,乐化普速场-生米,,,455,49.08,12.945,6450,300,,,
西环线,下行,乐化普速场-生米,,,457,49.08,12.994,6450,300,,,
西环线,下行,乐化普速场-生米,,,459,49.08,13.043,6450,300,,,
西环线,下行,乐化普速场-生米,,,461,49.74,13.093,6450,300,,,
西环线,下行,乐化普速场-生米,,,463,45.95,13.139,6450,300,,,
西环线,下行,乐化普速场-生米,,,465,40.95,13.18,6450,300,硬锚,,
西环线,下行,乐化普速场-生米,,,467,46.05,13.226,6450,300,转换柱,,
西环线,下行,乐化普速场-生米,,,469,40,13.266,6450,300/150,中心柱,,
西环线,下行,乐化普速场-生米,,,471,40,13.306,6450,600/150,锚柱,,
西环线,下行,乐化普速场-生米,,,473,33,13.339,6450,150/600,锚柱,,
西环线,下行,乐化普速场-生米,,,475,40,13.379,6450,300/150,中心柱,,
西环线,下行,乐化普速场-生米,,,477,40,13.419,6450,300,转换柱,,
西环线,下行,乐化普速场-生米,,,479,47,13.466,6450,300,锚柱,,
西环线,下行,乐化普速场-生米,,,481,40,13.506,6450,300,,,
西环线,下行,乐化普速场-生米,,,483,46,13.552,6450,300,,,
西环线,下行,乐化普速场-生米,,,485,45,13.597,6450,300,,,
西环线,下行,乐化普速场-生米,,,487,40,13.637,6450,300,,,
西环线,下行,乐化普速场-生米,,,489,40,13.677,6450,300,,,
西环线,下行,乐化普速场-生米,,,491,40,13.717,6450,300,,,
西环线,下行,乐化普速场-生米,,,493,40,13.757,6450,300,,,
西环线,下行,乐化普速场-生米,,,495,40,13.797,6450,300,,,
西环线,下行,乐化普速场-生米,,,497,40,13.837,6450,300,,,
西环线,下行,乐化普速场-生米,,,499,40,13.877,6450,300,,,
西环线,下行,乐化普速场-生米,,,501,40,13.917,6450,300,,,
西环线,下行,乐化普速场-生米,,,503,40,13.957,6450,300,,,
西环线,下行,乐化普速场-生米,,,505,47,14.004,6450,300,,,
西环线,下行,乐化普速场-生米,,,507,43.16,14.047,6450,300,,,
西环线,下行,乐化普速场-生米,,,509,50.75,14.098,6450,300,,,
西环线,下行,乐化普速场-生米,,,511,48.77,14.146,6450,50,,,
西环线,下行,乐化普速场-生米,,,513,45,14.191,6450,300,,,
西环线,下行,乐化普速场-生米,,,515,45,14.236,6450,300,,,
西环线,下行,乐化普速场-生米,,,517,45,14.281,6450,300,,,
西环线,下行,乐化普速场-生米,,,519,50,14.331,6450,300,,,
西环线,下行,乐化普速场-生米,,,521,55,14.386,6450,300,,,
西环线,下行,乐化普速场-生米,,,523,55,14.441,6450,300,,,
西环线,下行,乐化普速场-生米,,,525,55,14.496,6450,300,,,
西环线,下行,乐化普速场-生米,,,527,55,14.551,6450,300,,,
西环线,下行,乐化普速场-生米,,,529,55,14.606,6450,300,,,
西环线,下行,乐化普速场-生米,,,531,48.28,14.655,6450,300,锚柱,,
西环线,下行,乐化普速场-生米,,,533,45,14.7,6450,300,转换柱,,
西环线,下行,乐化普速场-生米,,,535,45,14.745,6450,300/100,中心柱,,
西环线,下行,乐化普速场-生米,,,537,50,14.795,6450,300,转换柱,,
西环线,下行,乐化普速场-生米,,,539,45,14.84,6450,300,锚柱,,
西环线,下行,乐化普速场-生米,,,541,45,14.885,6450,300,,,
西环线,下行,乐化普速场-生米,,,543,46.18,14.931,6450,300,,,
西环线,下行,乐化普速场-生米,,,545,49.08,14.98,6450,300,,,
西环线,下行,乐化普速场-生米,,,547,49.08,15.029,6450,300,,,
西环线,下行,乐化普速场-生米,,,549,49.08,15.078,6450,300,,,
西环线,下行,乐化普速场-生米,,,551,49.08,15.127,6450,300,,,
西环线,下行,乐化普速场-生米,,,553,49.48,15.177,6450,300,,,
西环线,下行,乐化普速场-生米,,,555,49.18,15.226,6450,300,,,
西环线,下行,乐化普速场-生米,,,557,48.82,15.275,6450,300,锚柱,,
西环线,下行,乐化普速场-生米,,,559,49.08,15.324,6450,300,转换柱,,
西环线,下行,乐化普速场-生米,,,561,48.92,15.373,6450,300/100,中心柱,,
西环线,下行,乐化普速场-生米,,,563,41.18,15.414,6450,300,转换柱,,
西环线,下行,乐化普速场-生米,,,565,49.97,15.464,6450,300,硬锚,,
西环线,下行,乐化普速场-生米,,,567,48,15.512,6450,300,,,
西环线,下行,乐化普速场-生米,,,569,41,15.553,6450,300,,,
西环线,下行,乐化普速场-生米,,,571,48,15.601,6450,300,,,
西环线,下行,乐化普速场-生米,,,573,49.18,15.65,6450,300,,,
西环线,下行,乐化普速场-生米,,,575,48.92,15.699,6450,300,,,
西环线,下行,乐化普速场-生米,,,577,49.18,15.748,6450,300,,,
西环线,下行,乐化普速场-生米,,,579,48.92,15.797,6450,300,,,
西环线,下行,乐化普速场-生米,,,581,49.18,15.846,6450,300,,,
西环线,下行,乐化普速场-生米,,,583,49.02,15.895,6450,300,,,
西环线,下行,乐化普速场-生米,,,585,49.18,15.944,6450,300,,,
西环线,下行,乐化普速场-生米,,,587,48.82,15.993,6450,300,,,
西环线,下行,乐化普速场-生米,,,589,49.18,16.042,6450,300,,,
西环线,下行,乐化普速场-生米,,,591,49.92,16.092,6450,300,,,
西环线,下行,乐化普速场-生米,,,593,48.97,16.141,6450,300,,,
西环线,下行,乐化普速场-生米,,,595,49.05,16.19,6450,300,,,
西环线,下行,乐化普速场-生米,,,597,49.11,16.239,6450,300,,,
西环线,下行,乐化普速场-生米,,,599,48.99,16.288,6450,300,,,
西环线,下行,乐化普速场-生米,,,601,49.11,16.337,6450,300,,,
西环线,下行,乐化普速场-生米,,,603,48.99,16.386,6450,300,,,
西环线,下行,乐化普速场-生米,,,605,49.11,16.436,6450,300,,,
西环线,下行,乐化普速场-生米,,,607,48.99,16.485,6450,300,,,
西环线,下行,乐化普速场-生米,,,609,49.11,16.534,6450,300,,,
西环线,下行,乐化普速场-生米,,,611,48.99,16.583,6450,300,,,
西环线,下行,乐化普速场-生米,,,613,49.11,16.632,6450,300,,,
西环线,下行,乐化普速场-生米,,,615,48.99,16.681,6450,300,,,
西环线,下行,乐化普速场-生米,,,617,41.11,16.722,6450,300,,,
西环线,下行,乐化普速场-生米,,,619,41.07,16.763,6450,300,锚柱,,
西环线,下行,乐化普速场-生米,,,621,49,16.812,6450,300,转换柱,,
西环线,下行,乐化普速场-生米,,,623,41.1,16.853,6450,300/100,中心柱,,
西环线,下行,乐化普速场-生米,,,625,49.1,16.902,6450,300,转换柱,,
西环线,下行,乐化普速场-生米,,,627,48.9,16.951,6450,300,锚柱,,
西环线,下行,乐化普速场-生米,,,629,49.1,17,6450,300,,,
西环线,下行,乐化普速场-生米,,,631,49,17.049,6450,300,,,
西环线,下行,乐化普速场-生米,,,633,49.1,17.098,6450,300,,,
西环线,下行,乐化普速场-生米,,,635,49,17.147,6450,300,,,
西环线,下行,乐化普速场-生米,,,637,41.35,17.189,6450,300,,,
西环线,下行,乐化普速场-生米,,,639,40.8,17.229,6450,300,,,
西环线,下行,乐化普速场-生米,,,641,49.3,17.279,6450,300,,,
西环线,下行,乐化普速场-生米,,,643,48.6,17.327,6450,300,,,
西环线,下行,乐化普速场-生米,,,645,49.7,17.377,6450,300,,,
西环线,下行,乐化普速场-生米,,,647,48.4,17.425,6450,300,,,
西环线,下行,乐化普速场-生米,,,649,49.4,17.475,6450,300,,,
西环线,下行,乐化普速场-生米,,,651,48.45,17.523,6450,300,,,
西环线,下行,乐化普速场-生米,,,653,49.7,17.573,6450,300,,,
西环线,下行,乐化普速场-生米,,,655,40,17.613,6450,300,,,
西环线,下行,乐化普速场-生米,,,657,2,17.613,6450,300,,,
西环线,下行,乐化普速场-生米,,,659,40,17.653,6450,300,,,
西环线,下行,乐化普速场-生米,,,661,50,17.703,6450,300,,,
西环线,下行,乐化普速场-生米,,,663,50,17.753,6450,300,,,
西环线,下行,乐化普速场-生米,,,665,52,17.805,6450,300,,,
西环线,下行,乐化普速场-生米,,,667,50,17.855,6450,300,,,
西环线,下行,乐化普速场-生米,,,669,50,17.905,6450,300,,,
西环线,下行,乐化普速场-生米,,,671,45,17.95,6450,300,,,
西环线,下行,乐化普速场-生米,,,673,45,17.995,6450,300,,,
西环线,下行,乐化普速场-生米,,,675,37.35,18.032,6450,300,,,
西环线,下行,乐化普速场-生米,,,677,24.7,18.057,6450,150,,,
西环线,下行,乐化普速场-生米,,,679,40,18.097,6450,150,,,
西环线,下行,乐化普速场-生米,,,681,50,18.147,6450,150,锚柱,,
西环线,下行,乐化普速场-生米,,,683,50,18.197,6450,150,转换柱,,
西环线,下行,乐化普速场-生米,,,685,50,18.247,6450,350/150,中心柱,,
西环线,下行,乐化普速场-生米,,,687,50,18.297,6450,150,转换柱,,
西环线,下行,乐化普速场-生米,,,689,50,18.347,6450,150,锚柱,,
西环线,下行,乐化普速场-生米,,,691,50,18.397,6450,150,,,
西环线,下行,乐化普速场-生米,,,693,50,18.447,6450,150,,,
西环线,下行,乐化普速场-生米,,,695,55,18.502,6450,150,,,
西环线,下行,乐化普速场-生米,,,697,60,18.562,6450,150,,,
西环线,下行,乐化普速场-生米,,,699,60,18.622,6450,300,,,
西环线,下行,乐化普速场-生米,,,701,55,18.677,6450,300,,,
西环线,下行,乐化普速场-生米,,,703,55,18.732,6450,300,,,
西环线,下行,乐化普速场-生米,,,705,50,18.782,6450,300,,,
西环线,下行,乐化普速场-生米,,,707,50,18.832,6450,300,,,
西环线,下行,乐化普速场-生米,,,709,50,18.882,6450,300,吸上线,,
西环线,下行,乐化普速场-生米,,,711,50,18.932,6450,300,,,
西环线,下行,乐化普速场-生米,,,713,50,18.982,6450,300,,,
西环线,下行,乐化普速场-生米,,,715,50,19.032,6450,300,,,
西环线,下行,乐化普速场-生米,,,717,55,19.087,6450,150,,,
西环线,下行,乐化普速场-生米,,,719,50,19.137,6450,250,,,
西环线,下行,乐化普速场-生米,,,721,50,19.187,6450,250,,,
西环线,下行,乐化普速场-生米,,,723,50,19.237,6450,250,,,
西环线,下行,乐化普速场-生米,,,725,50,19.287,6450,250,锚柱,,
西环线,下行,乐化普速场-生米,,,727,52,19.339,6450,250,转换柱,,
西环线,下行,乐化普速场-生米,,,729,50,19.389,6450,250/50,中心柱,,
西环线,下行,乐化普速场-生米,,,731,50,19.439,6450,250,转换柱,,
西环线,下行,乐化普速场-生米,,,733,48,19.487,6450,250,锚柱,,
西环线,下行,乐化普速场-生米,,,735,50,19.537,6450,250,,,
西环线,下行,乐化普速场-生米,,,737,47.71,19.585,6450,250,,,
西环线,下行,乐化普速场-生米,,,739,32.81,19.617,6450,250,,,
西环线,下行,乐化普速场-生米,,,741,32.76,19.65,6450,250,,,
西环线,下行,乐化普速场-生米,,,743,32.72,19.683,6450,150,,,
西环线,下行,乐化普速场-生米,,,745,32.7,19.716,6450,300,,,
西环线,下行,乐化普速场-生米,,,747,32.7,19.748,6450,300,,,
西环线,下行,乐化普速场-生米,,,749,45,19.793,6450,300,,,
西环线,下行,乐化普速场-生米,,,751,50,19.843,6450,300,,,
西环线,下行,乐化普速场-生米,,,753,55,19.898,6450,300,,,
西环线,下行,乐化普速场-生米,,,755,50,19.948,6450,300,,,
西环线,下行,乐化普速场-生米,,,757,50,19.998,6450,300,,,
西环线,下行,乐化普速场-生米,,,759,50,20.048,6450,300,,,
西环线,下行,乐化普速场-生米,,,761,50,20.098,6450,300,,,
西环线,下行,乐化普速场-生米,,,763,50,20.148,6450,300,,,
西环线,下行,乐化普速场-生米,,,765,55,20.203,6450,300,,,
西环线,下行,乐化普速场-生米,,,767,55,20.258,6450,300,,,
西环线,下行,乐化普速场-生米,,,769,55,20.313,6450,300,,,
西环线,下行,乐化普速场-生米,,,771,60,20.373,6450,300,,,
西环线,下行,乐化普速场-生米,,,773,55,20.428,6450,300,,,
西环线,下行,乐化普速场-生米,,,775,50,20.478,6450,300,,,
西环线,下行,乐化普速场-生米,,,777,50,20.528,6450,300,,,
西环线,下行,乐化普速场-生米,,,779,50,20.578,6450,300,,,
西环线,下行,乐化普速场-生米,,,781,55,20.633,6450,300,锚柱,,
西环线,下行,乐化普速场-生米,,,783,55,20.688,6450,300,转换柱,,
西环线,下行,乐化普速场-生米,,,785,50,20.738,6450,300/100,中心柱,,
西环线,下行,乐化普速场-生米,,,787,50,20.788,6450,300,转换柱,,
西环线,下行,乐化普速场-生米,,,789,55,20.843,6450,300,锚柱,,
西环线,下行,乐化普速场-生米,,,791,55,20.898,6450,300,,,
西环线,下行,乐化普速场-生米,,,793,55,20.953,6450,300,,,
西环线,下行,乐化普速场-生米,,,795,55,21.008,6450,300,,,
西环线,下行,乐化普速场-生米,,,797,55,21.063,6450,300,,,
西环线,下行,乐化普速场-生米,,,799,55,21.118,6450,300,吸上线,,
西环线,下行,乐化普速场-生米,,,801,60,21.158,6450,300,,,
西环线,下行,乐化普速场-生米,,,0801-1,60,21.188,6450,300,,,
西环线,下行,乐化普速场-生米,,,803,60,21.238,6450,300,,,
西环线,下行,乐化普速场-生米,,,805,55,21.298,6450,150,,,
西环线,下行,乐化普速场-生米,,,807,50,21.353,6450,250,,,
西环线,下行,乐化普速场-生米,,,809,50,21.403,6450,250,,,
西环线,下行,乐化普速场-生米,,,811,55,21.453,6450,250,,,
西环线,下行,乐化普速场-生米,,,813,45,21.508,6450,250,,,
西环线,下行,乐化普速场-生米,,,815,55,21.553,6450,250,,,
西环线,下行,乐化普速场-生米,,,817,55,21.608,6450,250,,,
西环线,下行,乐化普速场-生米,,,819,55,21.663,6450,250,,,
西环线,下行,乐化普速场-生米,,,821,55,21.718,6450,250,,,
西环线,下行,乐化普速场-生米,,,823,55,21.773,6450,250,,,
西环线,下行,乐化普速场-生米,,,825,55,21.828,6450,250,,,
西环线,下行,乐化普速场-生米,,,827,50,21.883,6450,250,,,
西环线,下行,乐化普速场-生米,,,829,55,21.933,6450,250,锚柱,,
西环线,下行,乐化普速场-生米,,,831,50,21.988,6450,250,转换柱,,
西环线,下行,乐化普速场-生米,,,833,50,22.038,6450,250/50,中心柱,,
西环线,下行,乐化普速场-生米,,,835,55,22.088,6450,250,转换柱,,
西环线,下行,乐化普速场-生米,,,837,50,22.143,6450,250,锚柱,,
西环线,下行,乐化普速场-生米,,,839,45.17,22.193,6450,250,,,
西环线,下行,乐化普速场-生米,,,841,32.72,22.239,6450,250,,,
西环线,下行,乐化普速场-生米,,,843,32.71,22.271,6450,250,,,
西环线,下行,乐化普速场-生米,,,845,32.7,22.304,6450,150,,,
西环线,下行,乐化普速场-生米,,,847,47,22.337,6450,250,,,
西环线,下行,乐化普速场-生米,,,849,53,22.384,6450,150,,,
西环线,下行,乐化普速场-生米,,,851,50,22.437,6450,300,,,
西环线,下行,乐化普速场-生米,,,853,50,22.487,6450,300,,,
西环线,下行,乐化普速场-生米,,,855,50,22.537,6450,300,,,
西环线,下行,乐化普速场-生米,,,857,50,22.587,6450,300,,,
西环线,下行,乐化普速场-生米,,,859,48,22.637,6450,300,,,
西环线,下行,乐化普速场-生米,,,861,52,22.685,6450,300,,,
西环线,下行,乐化普速场-生米,,,863,48,22.737,6450,300,,,
西环线,下行,乐化普速场-生米,,,865,57,22.785,6450,300,,,
西环线,下行,乐化普速场-生米,,,867,60,22.842,6450,300,,,
西环线,下行,乐化普速场-生米,,,869,55,22.902,6450,300,,,
西环线,下行,乐化普速场-生米,,,871,55,22.957,6450,300,,,
西环线,下行,乐化普速场-生米,,,873,50,23.012,6450,300,,,
西环线,下行,乐化普速场-生米,,,875,50,23.062,6450,300,,,
西环线,下行,乐化普速场-生米,,,877,55,23.112,6450,300,锚柱,,
西环线,下行,乐化普速场-生米,,,879,50,23.167,6450,300,转换柱,,
西环线,下行,乐化普速场-生米,,,881,50,23.217,6450,300/100,中心柱,,
西环线,下行,乐化普速场-生米,,,883,50,23.267,6450,300,转换柱,,
西环线,下行,乐化普速场-生米,,,885,55,23.317,6450,300,锚柱,,
西环线,下行,乐化普速场-生米,,,887,55,23.372,6450,300,,,
西环线,下行,乐化普速场-生米,,,889,60,23.427,6450,300,,,
西环线,下行,乐化普速场-生米,,,891,60,23.487,6450,300,,,
西环线,下行,乐化普速场-生米,,,893,60,23.547,6450,300,,,
西环线,下行,乐化普速场-生米,,,895,60,23.607,6450,300,,,
西环线,下行,乐化普速场-生米,,,897,60,23.667,6450,300,,,
西环线,下行,乐化普速场-生米,,,899,55,23.727,6450,300,,,
西环线,下行,乐化普速场-生米,,,901,50,23.782,6450,300,,,
西环线,下行,乐化普速场-生米,,,903,50,23.832,6450,300,,,
西环线,下行,乐化普速场-生米,,,905,50,23.882,6450,300,,,
西环线,下行,乐化普速场-生米,,,907,55,23.932,6450,300,,,
西环线,下行,乐化普速场-生米,,,909,55,23.987,6450,300,,,
西环线,下行,乐化普速场-生米,,,911,50,24.042,6450,150,,,
西环线,下行,乐化普速场-生米,,,913,47,24.092,6450,150,,,
西环线,下行,乐化普速场-生米,,,915,50,24.139,6450,250,,,
西环线,下行,乐化普速场-生米,,,917,55,24.189,6450,250,,,
西环线,下行,乐化普速场-生米,,,919,55,24.244,6450,250,,,
西环线,下行,乐化普速场-生米,,,921,55,24.299,6450,250,,,
西环线,下行,乐化普速场-生米,,,923,48,24.354,6450,250,,,
西环线,下行,乐化普速场-生米,,,925,50,24.402,6450,250,锚柱,,
西环线,下行,乐化普速场-生米,,,927,50,24.452,6450,250,转换柱,,
西环线,下行,乐化普速场-生米,,,929,50,24.502,6450,50/250,中心柱,,
西环线,下行,乐化普速场-生米,,,931,55,24.552,6450,250,转换柱,,
西环线,下行,乐化普速场-生米,,,933,55,24.607,6450,250,锚柱,,
西环线,下行,乐化普速场-生米,,,935,50,24.662,6450,250,,,
西环线,下行,乐化普速场-生米,,,937,55,24.712,6450,250,,,
西环线,下行,乐化普速场-生米,,,939,55,24.767,6450,250,,,
西环线,下行,乐化普速场-生米,,,941,55,24.822,6450,250,,,
西环线,下行,乐化普速场-生米,,,943,55,24.877,6450,250,,,
西环线,下行,乐化普速场-生米,,,945,55,24.932,6450,150,吸上线,,
西环线,下行,乐化普速场-生米,,,947,50,24.987,6450,150,,,
西环线,下行,乐化普速场-生米,,,949,50,25.037,6450,300,,,
西环线,下行,乐化普速场-生米,,,951,50,25.087,6450,300,,,
西环线,下行,乐化普速场-生米,,,953,50,25.137,6450,300,,,
西环线,下行,乐化普速场-生米,,,955,50,25.187,6450,300,,,
西环线,下行,乐化普速场-生米,,,957,50,25.237,6450,300,,,
西环线,下行,乐化普速场-生米,,,959,50,25.287,6450,300,,,
西环线,下行,乐化普速场-生米,,,961,50,25.337,6450,300,,,
西环线,下行,乐化普速场-生米,,,963,50,25.387,6450,300,,,
西环线,下行,乐化普速场-生米,,,965,42.7,25.437,6450,300,,,
西环线,下行,乐化普速场-生米,,,967,32.5,25.479,6450,300,,,
西环线,下行,乐化普速场-生米,,,969,40,25.512,6450,300,,,
西环线,下行,乐化普速场-生米,,,971,50,25.552,6450,300,,,
西环线,下行,乐化普速场-生米,,,973,50,25.602,6450,300,锚柱,,
西环线,下行,乐化普速场-生米,,,975,50,25.652,6450,300,转换柱,,
西环线,下行,乐化普速场-生米,,,977,50,25.702,6450,300/100,中心柱,,
西环线,下行,乐化普速场-生米,,,979,50,25.752,6450,300,转换柱,,
西环线,下行,乐化普速场-生米,,,981,45,25.802,6450,300,锚柱,,
西环线,下行,乐化普速场-生米,,,983,50,25.847,6450,300,,,
西环线,下行,乐化普速场-生米,,,985,50,25.897,6450,300,,,
西环线,下行,乐化普速场-生米,,,987,50,25.947,6450,300,,,
西环线,下行,乐化普速场-生米,,,989,50,25.997,6450,300,,,
西环线,下行,乐化普速场-生米,,,991,45.4,26.047,6450,300,,,
西环线,下行,乐化普速场-生米,,,993,32.7,26.092,6450,300,,,
西环线,下行,乐化普速场-生米,,,995,32.7,26.125,6450,300,,,
西环线,下行,乐化普速场-生米,,,997,32.7,26.158,6450,300,,,
西环线,下行,乐化普速场-生米,,,999,32.7,26.19,6450,300,,,
西环线,下行,乐化普速场-生米,,,1001,32.7,26.223,6450,300,,,
西环线,下行,乐化普速场-生米,,,1003,32.7,26.256,6450,300,,,
西环线,下行,乐化普速场-生米,,,1005,32.7,26.288,6450,300,,,
西环线,下行,乐化普速场-生米,,,1007,32.7,26.321,6450,300,,,
西环线,下行,乐化普速场-生米,,,1009,32.4,26.354,6450,300,,,
西环线,下行,乐化普速场-生米,,,1011,33,26.386,6450,300,,,
西环线,下行,乐化普速场-生米,,,1013,32.7,26.419,6450,300,,,
西环线,下行,乐化普速场-生米,,,1015,32.65,26.452,6450,300,,,
西环线,下行,乐化普速场-生米,,,1017,48,26.485,6450,300,,,
西环线,下行,乐化普速场-生米,,,1019,32.61,26.533,6450,150,,,
西环线,下行,乐化普速场-生米,,,1021,32.79,26.565,6450,150,,,
西环线,下行,乐化普速场-生米,,,1023,32.85,26.598,6450,250,,,
西环线,下行,乐化普速场-生米,,,1025,32.88,26.631,6450,250,,,
西环线,下行,乐化普速场-生米,,,1027,32.88,26.664,6450,250,,,
西环线,下行,乐化普速场-生米,,,1029,32.88,26.697,6450,250,,,
西环线,下行,乐化普速场-生米,,,1031,32.88,26.73,6450,250,,,
西环线,下行,乐化普速场-生米,,,1033,32.88,26.762,6450,250,,,
西环线,下行,乐化普速场-生米,,,1035,50,26.795,6450,250,,,
西环线,下行,乐化普速场-生米,,,1037,50,26.845,6450,250,,,
西环线,下行,乐化普速场-生米,,,1039,50,26.895,6450,250,,,
西环线,下行,乐化普速场-生米,,,1041,50,26.945,6450,250,锚柱,,
西环线,下行,乐化普速场-生米,,,1043,50,26.995,6450,250,转换柱,,
西环线,下行,乐化普速场-生米,,,1045,50,27.045,6450,250/50,中心柱,,
西环线,下行,乐化普速场-生米,,,1047,50,27.095,6450,250,转换柱,,
西环线,下行,乐化普速场-生米,,,1049,55,27.145,6450,100,锚柱,,
西环线,下行,乐化普速场-生米,,,1051,55,27.2,6450,300,,,
西环线,下行,乐化普速场-生米,,,1053,55,27.255,6450,300,,,
西环线,下行,乐化普速场-生米,,,1055,55,27.31,6450,300,,,
西环线,下行,乐化普速场-生米,,,1057,50,27.365,6450,300,,,
西环线,下行,乐化普速场-生米,,,1059,50,27.415,6450,300,,,
西环线,下行,乐化普速场-生米,,,1061,50,27.465,6450,300,,,
西环线,下行,乐化普速场-生米,,,1063,55,27.515,6450,300,,,
西环线,下行,乐化普速场-生米,,,1065,50,27.57,6450,300,,,
西环线,下行,乐化普速场-生米,,,1067,50,27.62,6450,300,,,
西环线,下行,乐化普速场-生米,,,1069,50,27.67,6450,300,,,
西环线,下行,乐化普速场-生米,,,1071,55,27.72,6450,300,,,
西环线,下行,乐化普速场-生米,,,1073,55,27.775,6450,300,,,
西环线,下行,乐化普速场-生米,,,1075,60,27.83,6450,300,,,
西环线,下行,乐化普速场-生米,,,1077,55,27.89,6450,300,,,
西环线,下行,乐化普速场-生米,,,1079,55,27.945,6450,300,,,
西环线,下行,乐化普速场-生米,,,1081,50,28,6450,300,,,
西环线,下行,乐化普速场-生米,,,1083,50,28.05,6450,300,锚柱,,
西环线,下行,乐化普速场-生米,,,1085,50,28.1,6450,300,转换柱,,
西环线,下行,乐化普速场-生米,,,1087,50,28.15,6450,300/100,中心柱,,
西环线,下行,乐化普速场-生米,,,1089,50,28.2,6450,300,转换柱,,
西环线,下行,乐化普速场-生米,,,1091,50,28.25,6450,300,锚柱,,
西环线,下行,乐化普速场-生米,,,1093,55,28.3,6450,300,,,
西环线,下行,乐化普速场-生米,,,1095,55,28.355,6450,300,,,
西环线,下行,乐化普速场-生米,,,1097,47.7,28.41,6450,300,,,
西环线,下行,乐化普速场-生米,,,1099,32.7,28.458,6450,300,,,
西环线,下行,乐化普速场-生米,,,1101,32.7,28.491,6450,300,,,
西环线,下行,乐化普速场-生米,,,1103,32.7,28.523,6450,300,,,
西环线,下行,乐化普速场-生米,,,1105,32.7,28.556,6450,300,,,
西环线,下行,乐化普速场-生米,,,1107,32.7,28.589,6450,300,,,
西环线,下行,乐化普速场-生米,,,1109,32.7,28.621,6450,300,,,
西环线,下行,乐化普速场-生米,,,1111,32.7,28.654,6450,150,,,
西环线,下行,乐化普速场-生米,,,1113,32.71,28.687,6450,150,,,
西环线,下行,乐化普速场-生米,,,1115,32.73,28.72,6450,250,,,
西环线,下行,乐化普速场-生米,,,1117,32.75,28.752,6450,250,,,
西环线,下行,乐化普速场-生米,,,1119,32.76,28.785,6450,250,,,
西环线,下行,乐化普速场-生米,,,1121,32.76,28.818,6450,250,吸上线,,
西环线,下行,乐化普速场-生米,,,1123,32.76,28.851,6450,250,,,
西环线,下行,乐化普速场-生米,,,1125,32.76,28.883,6450,250,,,
西环线,下行,乐化普速场-生米,,,1127,32.76,28.916,6450,250,,,
西环线,下行,乐化普速场-生米,,,1129,32.76,28.949,6450,250,,,
西环线,下行,乐化普速场-生米,,,1131,32.76,28.982,6450,250,,,
西环线,下行,乐化普速场-生米,,,1133,32.76,29.014,6450,250,,,
西环线,下行,乐化普速场-生米,,,1135,32.76,29.047,6450,250,,,
西环线,下行,乐化普速场-生米,,,1137,32.76,29.08,6450,250,,,
西环线,下行,乐化普速场-生米,,,1139,32.76,29.113,6450,250,,,
西环线,下行,乐化普速场-生米,,,1141,32.76,29.145,6450,250,,,
西环线,下行,乐化普速场-生米,,,1143,32.76,29.178,6450,250,,,
西环线,下行,乐化普速场-生米,,,1145,32.76,29.211,6450,250,,,
西环线,下行,乐化普速场-生米,,,1147,32.76,29.244,6450,250,,,
西环线,下行,乐化普速场-生米,,,1149,32.76,29.276,6450,250,,,
西环线,下行,乐化普速场-生米,,,1151,32.76,29.309,6450,250,,,
西环线,下行,乐化普速场-生米,,,1153,32.76,29.342,6450,250,,,
西环线,下行,乐化普速场-生米,,,1155,32.76,29.375,6450,250,,,
西环线,下行,乐化普速场-生米,,,1157,32.76,29.408,6450,250,,,
西环线,下行,乐化普速场-生米,,,1159,32.75,29.44,6450,250,,,
西环线,下行,乐化普速场-生米,,,1161,32.74,29.473,6450,250,,,
西环线,下行,乐化普速场-生米,,,1163,50,29.506,6450,250,,,
西环线,下行,乐化普速场-生米,,,1165,45,29.556,6450,150,硬锚,,
西环线,下行,乐化普速场-生米,,,1167,45,29.601,6450,150,转换柱,,
西环线,下行,乐化普速场-生米,,,1169,45,29.646,6450,300/100,中心柱,,
西环线,下行,乐化普速场-生米,,,1171,45,29.691,6450,300,转换柱,,
西环线,下行,乐化普速场-生米,,,1173,55,29.736,6450,300,锚柱,,
西环线,下行,乐化普速场-生米,,,1175,55,29.791,6450,300,转换柱,,
西环线,下行,乐化普速场-生米,,,1177,60,29.846,6450,300,中心柱,,
西环线,下行,乐化普速场-生米,,,1179,59.82,29.906,6450,300,转换柱,,
西环线,下行,生米站,,,1,59.82,30.085,6450,300,锚柱,,
西环线,下行,生米站,,,3,55,30.14,6450,300,转换柱,,
西环线,下行,生米站,,,5,50,30.19,6450,300/150,中心柱,,
西环线,下行,生米站,,,7,45,30.235,6450,300/150,中心柱,,
西环线,下行,生米站,,,9,50,30.285,6450,300,转换柱,,
西环线,下行,生米站,,,11,50,30.34,6450,300,锚柱,,
西环线,下行,生米站,,,13,55,30.395,6450,50,锚柱,,
西环线,下行,生米站,,,15,55,30.445,6450,300,转换柱,,
西环线,下行,生米站,,,17,50,30.447,6450,400/300,锚柱,,
西环线,下行,生米站,,,19,59,30.493,6450,50,,,
西环线,下行,生米站,,,21,46.69,30.54,6450,400,,,
西环线,下行,生米站,,,23,47.18,30.576,6450,300,,,
西环线,下行,生米站,,,25,36.36,30.621,6450,300,,,
西环线,下行,生米站,,,27,45,30.666,6450,300,,,
西环线,下行,生米站,,,29,45,30.716,6450,300,,,
西环线,下行,生米站,,,31,50,30.766,6450,300,,,
西环线,下行,生米站,,,33,50,30.816,6450,300,,,
西环线,下行,生米站,,,35,50,30.871,6450,300,,,
西环线,下行,生米站,,,37,55,30.931,6450,300,,,
西环线,下行,生米站,,,39,60,30.991,6450,300,,,
西环线,下行,生米站,,,41,60,31.046,6450,300,,,
西环线,下行,生米站,,,43,55,31.101,6450,300,,,
西环线,下行,生米站,,,45,55,31.156,6450,300,,,
西环线,下行,生米站,,,47,55,31.216,6450,300,,,
西环线,下行,生米站,,,49,60,31.276,6450,300,,,
西环线,下行,生米站,,,51,60,31.331,6450,300,,,
西环线,下行,生米站,,,53,55,31.391,6450,300,硬锚,,
西环线,下行,生米站,,,55,60,31.451,6450,300,转换柱,,
西环线,下行,生米站,,,57,60,31.506,6450,300,中心柱,,
西环线,下行,生米站,,,59,55,31.561,6450,300,中心柱,,
西环线,下行,生米站,,,61,55,31.606,6450,300,转换柱,,
西环线,下行,生米站,,,63,45,31.646,6450,200,锚柱,,
西环线,下行,生米站,,,65,39.97,31.688,6450,300,,,
西环线,下行,生米站,,,67,42,31.69,6450,400/300,中心柱,,
西环线,下行,生米站,,,69,50.69,31.736,6450,50,,,
西环线,下行,生米站,,,71,55,31.738,6450,400/300,锚柱,,
西环线,下行,生米站,,,73,50,31.791,6450,300,转换柱,,
西环线,下行,生米站,,,75,55,31.846,6450,300,锚柱,,
西环线,下行,生米站,,,77,55,31.903,6450,300,锚柱,,
西环线,下行,生米站,,,79,60,31.956,6450,300/150,转换柱,,
西环线,下行,生米站,,,81,50,32.006,6450,300/150,中心柱,,
西环线,下行,生米站,,,83,45,32.061,6450,300/150,中心柱,,
西环线,下行,生米站,,,85,50,32.111,6450,300,转换柱,,
西环线,下行,生米站,,,87,60,32.161,6450,300,锚柱,,
西环线,下行,生米站,,,89,7,32.211,,,,,
西环线,下行,生米站,,,91,45,32.221,6450,300,,,
西环线,下行,生米-向塘,,,1,65,32.309,6450,100,,,
西环线,下行,生米-向塘,,,3,3,32.312,0,0,硬锚,,
西环线,下行,生米-向塘,,,5,44,32.356,6450,150,转换柱,,
西环线,下行,生米-向塘,,,7,40,32.396,6450,300/150,中心柱,,
西环线,下行,生米-向塘,,,9,40,32.436,6450,300,锚柱,,
西环线,下行,生米-向塘,,,11,33,32.469,6450,150,硬锚,,
西环线,下行,生米-向塘,,,13,40,32.509,6450,300/150,中心柱,,
西环线,下行,生米-向塘,,,15,40,32.549,6450,150,转换柱,,
西环线,下行,生米-向塘,,,17,50,32.599,6450,300,锚柱,,
西环线,下行,生米-向塘,,,19,55,32.654,6450,300,,,
西环线,下行,生米-向塘,,,21,55,32.709,6450,300,,,
西环线,下行,生米-向塘,,,23,54,32.763,6450,300,,,
西环线,下行,生米-向塘,,,25,55,32.818,6450,300,,,
西环线,下行,生米-向塘,,,27,55,32.873,6450,150,,,
西环线,下行,生米-向塘,,,29,48.5,32.922,6450,150,,,
西环线,下行,生米-向塘,,,31,45,32.967,6450,150,,,
西环线,下行,生米-向塘,,,33,40,33.007,6450,150,锚柱,,
西环线,下行,生米-向塘,,,35,41.5,33.048,6450,150,转换柱,,
西环线,下行,生米-向塘,,,37,40,33.088,6450,150/300,中心柱,,
西环线,下行,生米-向塘,,,39,45,33.133,6450,150,转换柱,,
西环线,下行,生米-向塘,,,41,45,33.178,6450,150,硬锚,,
西环线,下行,生米-向塘,,,43,50,33.228,6450,150,,,
西环线,下行,生米-向塘,,,45,49.52,33.278,6450,150,,,
西环线,下行,生米-向塘,,,47,32.74,33.311,6450,150,,,
西环线,下行,生米-向塘,,,49,32.74,33.343,6450,150,,,
西环线,下行,生米-向塘,,,51,32.74,33.376,6450,150,,,
西环线,下行,生米-向塘,,,53,32.74,33.409,6450,150,,,
西环线,下行,生米-向塘,,,55,32.74,33.442,6450,150,,,
西环线,下行,生米-向塘,,,57,32.74,33.474,6450,150,,,
西环线,下行,生米-向塘,,,59,32.74,33.507,6450,150,,,
西环线,下行,生米-向塘,,,61,32.74,33.54,6450,150,,,
西环线,下行,生米-向塘,,,63,32.74,33.573,6450,150,,,
西环线,下行,生米-向塘,,,65,32.74,33.605,6450,150,,,
西环线,下行,生米-向塘,,,67,32.74,33.638,6450,150,,,
西环线,下行,生米-向塘,,,69,32.74,33.671,6450,150,,,
西环线,下行,生米-向塘,,,71,32.74,33.704,6450,150,,,
西环线,下行,生米-向塘,,,73,32.74,33.736,6450,150,,,
西环线,下行,生米-向塘,,,75,32.74,33.769,6450,150,,,
西环线,下行,生米-向塘,,,77,32.74,33.802,6450,150,,,
西环线,下行,生米-向塘,,,79,32.74,33.835,6450,150,,,
西环线,下行,生米-向塘,,,81,32.74,33.867,6450,150,,,
西环线,下行,生米-向塘,,,83,32.74,33.9,6450,150,,,
西环线,下行,生米-向塘,,,85,32.73,33.933,6450,150,,,
西环线,下行,生米-向塘,,,87,32.72,33.966,6450,150,,,
西环线,下行,生米-向塘,,,89,32.71,33.998,6450,300,,,
西环线,下行,生米-向塘,,,91,32.7,34.031,6450,300,,,
西环线,下行,生米-向塘,,,93,49,34.08,6450,300,,,
西环线,下行,生米-向塘,,,95,55,34.135,6450,300,,,
西环线,下行,生米-向塘,,,97,60,34.195,6450,300,,,
西环线,下行,生米-向塘,,,99,60,34.255,6450,300,,,
西环线,下行,生米-向塘,,,101,60,34.315,6450,300,锚柱,,
西环线,下行,生米-向塘,,,103,55,34.37,6450,300,转换柱,,
西环线,下行,生米-向塘,,,105,55,34.425,6450,300/100,中心柱,,
西环线,下行,生米-向塘,,,107,55,34.48,6450,300,转换柱,,
西环线,下行,生米-向塘,,,109,55,34.535,6450,300,锚柱,,
西环线,下行,生米-向塘,,,111,60,34.595,6450,300,,,
西环线,下行,生米-向塘,,,113,60,34.655,6450,300,吸上线,,
西环线,下行,生米-向塘,,,115,60,34.715,6450,300,,,
西环线,下行,生米-向塘,,,117,60,34.775,6450,300,,,
西环线,下行,生米-向塘,,,119,60,34.835,6450,300,,,
西环线,下行,生米-向塘,,,121,56,34.891,6450,300,,,
西环线,下行,生米-向塘,,,123,60,34.951,6450,300,,,
西环线,下行,生米-向塘,,,125,60,35.011,6450,300,,,
西环线,下行,生米-向塘,,,127,60,35.071,6450,300,,,
西环线,下行,生米-向塘,,,129,60,35.131,6450,300,,,
西环线,下行,生米-向塘,,,131,55,35.186,6450,300,,,
西环线,下行,生米-向塘,,,133,55,35.241,6450,300,,,
西环线,下行,生米-向塘,,,135,55,35.296,6450,300,,,
西环线,下行,生米-向塘,,,137,60,35.356,6450,300,,,
西环线,下行,生米-向塘,,,139,60,35.416,6450,300,,,
西环线,下行,生米-向塘,,,141,60,35.476,6450,200,,,
西环线,下行,生米-向塘,,,143,55,35.531,6450,150,锚柱,,
西环线,下行,生米-向塘,,,145,55,35.586,6450,250,转换柱,,
西环线,下行,生米-向塘,,,147,50,35.636,6450,250/50,中心柱,,
西环线,下行,生米-向塘,,,149,50,35.686,6450,250,转换柱,,
西环线,下行,生米-向塘,,,151,55,35.741,6450,250,锚柱,,
西环线,下行,生米-向塘,,,153,50,35.791,6450,250,,,
西环线,下行,生米-向塘,,,155,50,35.841,6450,250,,,
西环线,下行,生米-向塘,,,157,50,35.891,6450,250,,,
西环线,下行,生米-向塘,,,159,55,35.946,6450,250,,,
西环线,下行,生米-向塘,,,161,55,36.001,6450,250,,,
西环线,下行,生米-向塘,,,163,55,36.056,6450,250,,,
西环线,下行,生米-向塘,,,165,55,36.111,6450,250,,,
西环线,下行,生米-向塘,,,167,50,36.161,6450,250,,,
西环线,下行,生米-向塘,,,169,50,36.211,6450,250,,,
西环线,下行,生米-向塘,,,171,55,36.266,6450,250,,,
西环线,下行,生米-向塘,,,173,50,36.316,6450,250,,,
西环线,下行,生米-向塘,,,175,55,36.371,6450,150,,,
西环线,下行,生米-向塘,,,177,55,36.426,6450,150,,,
西环线,下行,生米-向塘,,,179,55,36.481,6450,300,锚柱,,
西环线,下行,生米-向塘,,,181,55,36.536,6450,300,转换柱,,
西环线,下行,生米-向塘,,,183,55,36.591,6450,300/100,中心柱,,
西环线,下行,生米-向塘,,,185,55,36.646,6450,300,转换柱,,
西环线,下行,生米-向塘,,,187,58,36.704,6450,300,锚柱,,
西环线,下行,生米-向塘,,,189,48.44,36.752,6450,300,,,
西环线,下行,生米-向塘,,,191,32.7,36.785,6450,300,,,
西环线,下行,生米-向塘,,,193,32.7,36.818,6450,300,,,
西环线,下行,生米-向塘,,,195,32.7,36.85,6450,300,,,
西环线,下行,生米-向塘,,,197,32.7,36.883,6450,300,,,
西环线,下行,生米-向塘,,,199,32.7,36.916,6450,300,,,
西环线,下行,生米-向塘,,,201,32.7,36.949,6450,300,,,
西环线,下行,生米-向塘,,,203,32.7,36.981,6450,300,,,
西环线,下行,生米-向塘,,,205,32.7,37.014,6450,300,,,
西环线,下行,生米-向塘,,,207,32.7,37.047,6450,300,,,
西环线,下行,生米-向塘,,,209,49,37.096,6450,300,,,
西环线,下行,生米-向塘,,,211,55,37.151,6450,300,,,
西环线,下行,生米-向塘,,,213,55,37.206,6450,300,,,
西环线,下行,生米-向塘,,,215,50,37.256,6450,300,,,
西环线,下行,生米-向塘,,,217,50,37.306,6450,300,,,
西环线,下行,生米-向塘,,,219,50,37.356,6450,300,,,
西环线,下行,生米-向塘,,,221,51,37.407,6450,300,,,
西环线,下行,生米-向塘,,,223,55,37.462,6450,300,,,
西环线,下行,生米-向塘,,,225,50,37.512,6450,300,,,
西环线,下行,生米-向塘,,,227,42.75,37.554,6450,300,,,
西环线,下行,生米-向塘,,,229,32.7,37.587,6450,300,,,
西环线,下行,生米-向塘,,,231,32.7,37.62,6450,300,,,
西环线,下行,生米-向塘,,,233,32.7,37.653,6450,300,,,
西环线,下行,生米-向塘,,,235,32.7,37.685,6450,300,,,
西环线,下行,生米-向塘,,,237,32.7,37.718,6450,300,,,
西环线,下行,生米-向塘,,,239,32.7,37.751,6450,300,,,
西环线,下行,生米-向塘,,,241,49,37.8,6450,300,锚柱,,
西环线,下行,生米-向塘,,,243,60,37.86,6450,300,转换柱,,
西环线,下行,生米-向塘,,,245,55,37.915,6450,300/100,中心柱,,
西环线,下行,生米-向塘,,,247,55,37.97,6450,300,转换柱,,
西环线,下行,生米-向塘,,,249,60,38.03,6450,300,锚柱,,
西环线,下行,生米-向塘,,,251,60,38.09,6450,300,,,
西环线,下行,生米-向塘,,,253,60,38.15,6450,300,,,
西环线,下行,生米-向塘,,,255,55,38.205,6450,300,,,
西环线,下行,生米-向塘,,,257,55,38.26,6450,300,,,
西环线,下行,生米-向塘,,,259,55,38.315,6450,300,,,
西环线,下行,生米-向塘,,,261,55,38.37,6450,300,,,
西环线,下行,生米-向塘,,,263,55,38.425,6450,300,,,
西环线,下行,生米-向塘,,,265,55,38.48,6450,300,,,
西环线,下行,生米-向塘,,,267,56,38.536,6450,300,,,
西环线,下行,生米-向塘,,,269,55,38.591,6450,300,,,
西环线,下行,生米-向塘,,,271,55,38.646,6450,300,,,
西环线,下行,生米-向塘,,,273,60,38.706,6450,300,吸上线,,
西环线,下行,生米-向塘,,,275,60,38.766,6450,300,,,
西环线,下行,生米-向塘,,,277,60,38.826,6450,300,,,
西环线,下行,生米-向塘,,,279,55,38.881,6450,300,,,
西环线,下行,生米-向塘,,,281,55,38.936,6450,300,锚柱,,
西环线,下行,生米-向塘,,,283,55,38.991,6450,300,转换柱,,
西环线,下行,生米-向塘,,,285,55,39.046,6450,300/100,中心柱,,
西环线,下行,生米-向塘,,,287,55,39.101,6450,300,转换柱,,
西环线,下行,生米-向塘,,,289,55,39.156,6450,300,锚柱,,
西环线,下行,生米-向塘,,,291,54,39.21,6450,300,,,
西环线,下行,生米-向塘,,,293,49.5,39.259,6450,300,,,
西环线,下行,生米-向塘,,,295,32.7,39.292,6450,300,,,
西环线,下行,生米-向塘,,,297,50.3,39.342,6450,300,,,
西环线,下行,生米-向塘,,,299,50.3,39.392,6450,300,,,
西环线,下行,生米-向塘,,,301,50.3,39.443,6450,300,,,
西环线,下行,生米-向塘,,,303,50.3,39.493,6450,300,,,
西环线,下行,生米-向塘,,,305,50.3,39.543,6450,300,,,
西环线,下行,生米-向塘,,,307,50.3,39.594,6450,300,,,
西环线,下行,生米-向塘,,,309,50.3,39.644,6450,300,,,
西环线,下行,生米-向塘,,,311,50.3,39.694,6450,300,,,
西环线,下行,生米-向塘,,,313,50.3,39.745,6450,300,,,
西环线,下行,生米-向塘,,,315,50.3,39.795,6450,300,,,
西环线,下行,生米-向塘,,,317,50.3,39.845,6450,300,,,
西环线,下行,生米-向塘,,,319,50.3,39.895,6450,300,,,
西环线,下行,生米-向塘,,,321,50.3,39.946,6450,300,,,
西环线,下行,生米-向塘,,,323,50.2,39.996,6450,300,,,
西环线,下行,生米-向塘,,,325,50,40.046,6450,300,,,
西环线,下行,生米-向塘,,,327,50,40.096,6450,200,锚柱,,
西环线,下行,生米-向塘,,,329,50,40.146,6450,200,转换柱,,
西环线,下行,生米-向塘,,,331,45,40.191,6450,200,转换柱,,
西环线,下行,生米-向塘,,,333,45,40.236,6450,300/100,中心柱,,
西环线,下行,生米-向塘,,,335,40,40.276,6450,200,转换柱,,
西环线,下行,生米-向塘,,,337,45,40.321,6450,200,锚柱,,
西环线,下行,生米-向塘,,,339,45,40.366,6450,200,,,
西环线,下行,生米-向塘,,,341,50,40.416,6450,200,,,
西环线,下行,生米-向塘,,,343,50,40.466,6450,200,,,
西环线,下行,生米-向塘,,,345,50,40.516,6450,200,,,
西环线,下行,生米-向塘,,,347,50,40.566,6450,300,,,
西环线,下行,生米-向塘,,,349,50.3,40.616,6450,300,,,
西环线,下行,生米-向塘,,,351,50.3,40.667,6450,300,,,
西环线,下行,生米-向塘,,,353,50.3,40.717,6450,300,,,
西环线,下行,生米-向塘,,,355,50.3,40.767,6450,300,,,
西环线,下行,生米-向塘,,,357,50.3,40.817,6450,300,,,
西环线,下行,生米-向塘,,,359,50.3,40.868,6450,300,,,
西环线,下行,生米-向塘,,,361,50.3,40.918,6450,300,,,
西环线,下行,生米-向塘,,,363,50.3,40.968,6450,300,,,
西环线,下行,生米-向塘,,,365,50.3,41.019,6450,300,,,
西环线,下行,生米-向塘,,,367,50.3,41.069,6450,300,,,
西环线,下行,生米-向塘,,,369,50.3,41.119,6450,300,,,
西环线,下行,生米-向塘,,,371,50.3,41.17,6450,300,,,
西环线,下行,生米-向塘,,,373,50.3,41.22,6450,300,,,
西环线,下行,生米-向塘,,,375,50,41.27,6450,300,,,
西环线,下行,生米-向塘,,,377,45.35,41.315,6450,300,,,
西环线,下行,生米-向塘,,,379,40,41.355,6450,300,,,
西环线,下行,生米-向塘,,,381,40,41.395,6450,300,,,
西环线,下行,生米-向塘,,,383,44.7,41.44,6450,150,,,
西环线,下行,生米-向塘,,,385,32.89,41.473,6450,150,,,
西环线,下行,生米-向塘,,,387,32.79,41.506,6450,250,,,
西环线,下行,生米-向塘,,,389,32.82,41.538,6450,250,,,
西环线,下行,生米-向塘,,,391,24.81,41.563,6450,250,,,
西环线,下行,生米-向塘,,,393,24.8,41.588,6450,250,锚柱,,
西环线,下行,生米-向塘,,,395,24.81,41.613,6450,250,转换柱,,
西环线,下行,生米-向塘,,,397,32.83,41.646,6450,250,转换柱,,
西环线,下行,生米-向塘,,,399,32.84,41.678,6450,250/50,中心柱,,
西环线,下行,生米-向塘,,,401,32.84,41.711,6450,250,转换柱,,
西环线,下行,生米-向塘,,,403,32.84,41.744,6450,250,锚柱,,
西环线,下行,生米-向塘,,,405,32.84,41.777,6450,250,,,
西环线,下行,生米-向塘,,,407,32.84,41.81,6450,250,,,
西环线,下行,生米-向塘,,,409,32.84,41.843,6450,250,,,
西环线,下行,生米-向塘,,,411,32.84,41.875,6450,250,,,
西环线,下行,生米-向塘,,,413,32.84,41.908,6450,250,,,
西环线,下行,生米-向塘,,,415,32.84,41.941,6450,250,,,
西环线,下行,生米-向塘,,,417,32.84,41.974,6450,250,,,
西环线,下行,生米-向塘,,,419,32.84,42.007,6450,250,,,
西环线,下行,生米-向塘,,,421,32.84,42.04,6450,250,,,
西环线,下行,生米-向塘,,,423,32.84,42.073,6450,250,,,
西环线,下行,生米-向塘,,,425,32.84,42.105,6450,250,,,
西环线,下行,生米-向塘,,,427,32.84,42.138,6450,250,,,
西环线,下行,生米-向塘,,,429,32.84,42.171,6450,250,,,
西环线,下行,生米-向塘,,,431,32.84,42.204,6450,250,,,
西环线,下行,生米-向塘,,,433,32.84,42.237,6450,250,,,
西环线,下行,生米-向塘,,,435,32.84,42.27,6450,250,,,
西环线,下行,生米-向塘,,,437,32.84,42.302,6450,250,,,
西环线,下行,生米-向塘,,,439,32.84,42.335,6450,250,,,
西环线,下行,生米-向塘,,,441,32.84,42.368,6450,250,,,
西环线,下行,生米-向塘,,,443,32.84,42.401,6450,250,,,
西环线,下行,生米-向塘,,,445,32.84,42.434,6450,250,,,
西环线,下行,生米-向塘,,,447,32.84,42.467,6450,250,,,
西环线,下行,生米-向塘,,,449,32.84,42.499,6450,250,,,
西环线,下行,生米-向塘,,,451,32.84,42.532,6450,250,,,
西环线,下行,生米-向塘,,,453,32.84,42.565,6450,250,,,
西环线,下行,生米-向塘,,,455,32.84,42.598,6450,250,吸上线,,
西环线,下行,生米-向塘,,,457,32.83,42.631,6450,250,,,
西环线,下行,生米-向塘,,,459,49.62,42.68,6450,250,,,
西环线,下行,生米-向塘,,,461,32.83,42.713,6450,250,,,
西环线,下行,生米-向塘,,,463,32.82,42.746,6450,150,,,
西环线,下行,生米-向塘,,,465,32.77,42.779,6450,150,,,
西环线,下行,生米-向塘,,,467,24.72,42.804,6450,300,,,
西环线,下行,生米-向塘,,,469,32.7,42.836,6450,300,,,
西环线,下行,生米-向塘,,,471,32.7,42.869,6450,300,锚柱,,
西环线,下行,生米-向塘,,,473,32.7,42.902,6450,300,转换柱,,
西环线,下行,生米-向塘,,,475,32.7,42.934,6450,300/100,中心柱,,
西环线,下行,生米-向塘,,,477,32.7,42.967,6450,300,转换柱,,
西环线,下行,生米-向塘,,,479,32.7,43,6450,300,锚柱,,
西环线,下行,生米-向塘,,,481,32.95,43.033,6450,300,,,
西环线,下行,生米-向塘,,,483,48.65,43.081,6450,300,,,
西环线,下行,生米-向塘,,,485,40,43.121,6450,300,,,
西环线,下行,生米-向塘,,,487,40,43.161,6450,300,,,
西环线,下行,生米-向塘,,,489,48.6,43.21,6450,300,,,
西环线,下行,生米-向塘,,,491,32.95,43.243,6450,300,,,
西环线,下行,生米-向塘,,,493,32.7,43.276,6450,300,,,
西环线,下行,生米-向塘,,,495,24.7,43.3,6450,300,,,
西环线,下行,生米-向塘,,,497,32.7,43.333,6450,300,,,
西环线,下行,生米-向塘,,,499,32.7,43.366,6450,300,,,
西环线,下行,生米-向塘,,,501,32.7,43.398,6450,300,,,
西环线,下行,生米-向塘,,,503,32.7,43.431,6450,300,,,
西环线,下行,生米-向塘,,,505,32.7,43.464,6450,300,,,
西环线,下行,生米-向塘,,,507,32.7,43.497,6450,300,,,
西环线,下行,生米-向塘,,,509,32.7,43.529,6450,300,,,
西环线,下行,生米-向塘,,,511,32.7,43.562,6450,300,,,
西环线,下行,生米-向塘,,,513,32.7,43.595,6450,300,,,
西环线,下行,生米-向塘,,,515,32.7,43.627,6450,300,,,
西环线,下行,生米-向塘,,,517,32.7,43.66,6450,300,,,
西环线,下行,生米-向塘,,,519,32.7,43.693,6450,300,,,
西环线,下行,生米-向塘,,,521,32.7,43.725,6450,300,,,
西环线,下行,生米-向塘,,,523,32.7,43.758,6450,300,,,
西环线,下行,生米-向塘,,,525,32.7,43.791,6450,300,,,
西环线,下行,生米-向塘,,,527,32.7,43.824,6450,300,,,
西环线,下行,生米-向塘,,,529,32.7,43.856,6450,300,,,
西环线,下行,生米-向塘,,,531,32.7,43.889,6450,300,,,
西环线,下行,生米-向塘,,,533,32.7,43.922,6450,300,,,
西环线,下行,生米-向塘,,,535,32.7,43.954,6450,300,,,
西环线,下行,生米-向塘,,,537,32.7,43.987,6450,300,,,
西环线,下行,生米-向塘,,,539,32.7,44.02,6450,300,,,
西环线,下行,生米-向塘,,,541,32.7,44.052,6450,300,,,
西环线,下行,生米-向塘,,,543,32.7,44.085,6450,300,,,
西环线,下行,生米-向塘,,,545,32.7,44.118,6450,300,,,
西环线,下行,生米-向塘,,,547,32.7,44.151,6450,300,,,
西环线,下行,生米-向塘,,,549,32.7,44.183,6450,300,,,
西环线,下行,生米-向塘,,,551,32.7,44.216,6450,300,,,
西环线,下行,生米-向塘,,,553,32.7,44.249,6450,300,锚柱,,
西环线,下行,生米-向塘,,,555,32.7,44.281,6450,300,转换柱,,
西环线,下行,生米-向塘,,,557,32.7,44.314,6450,300/100,中心柱,,
西环线,下行,生米-向塘,,,559,32.7,44.347,6450,300,转换柱,,
西环线,下行,生米-向塘,,,561,32.7,44.379,6450,300,锚柱,,
西环线,下行,生米-向塘,,,563,32.7,44.412,6450,300,,,
西环线,下行,生米-向塘,,,565,32.7,44.445,6450,300,,,
西环线,下行,生米-向塘,,,567,32.7,44.478,6450,300,,,
西环线,下行,生米-向塘,,,569,32.7,44.51,6450,300,,,
西环线,下行,生米-向塘,,,571,32.7,44.543,6450,300,,,
西环线,下行,生米-向塘,,,573,32.7,44.576,6450,300,,,
西环线,下行,生米-向塘,,,575,32.7,44.608,6450,300,,,
西环线,下行,生米-向塘,,,577,32.7,44.641,6450,300,,,
西环线,下行,生米-向塘,,,579,32.7,44.674,6450,300,,,
西环线,下行,生米-向塘,,,581,32.7,44.706,6450,300,,,
西环线,下行,生米-向塘,,,583,32.7,44.739,6450,300,,,
西环线,下行,生米-向塘,,,585,32.7,44.772,6450,300,,,
西环线,下行,生米-向塘,,,587,32.7,44.805,6450,300,,,
西环线,下行,生米-向塘,,,589,32.7,44.837,6450,300,,,
西环线,下行,生米-向塘,,,591,32.7,44.87,6450,300,,,
西环线,下行,生米-向塘,,,593,32.7,44.903,6450,300,,,
西环线,下行,生米-向塘,,,595,32.7,44.935,6450,300,,,
西环线,下行,生米-向塘,,,597,32.7,44.968,6450,300,,,
西环线,下行,生米-向塘,,,599,32.7,45.001,6450,300,,,
西环线,下行,生米-向塘,,,601,32.7,45.033,6450,300,,,
西环线,下行,生米-向塘,,,603,32.7,45.066,6450,300,,,
西环线,下行,生米-向塘,,,605,32.7,45.099,6450,300,,,
西环线,下行,生米-向塘,,,607,32.7,45.132,6450,300,,,
西环线,下行,生米-向塘,,,609,32.7,45.164,6450,300,,,
西环线,下行,生米-向塘,,,611,32.7,45.197,6450,300,,,
西环线,下行,生米-向塘,,,613,32.7,45.23,6450,300,,,
西环线,下行,生米-向塘,,,615,32.7,45.262,6450,300,,,
西环线,下行,生米-向塘,,,617,32.7,45.295,6450,300,,,
西环线,下行,生米-向塘,,,619,32.7,45.328,6450,300,,,
西环线,下行,生米-向塘,,,621,32.7,45.36,6450,300,,,
西环线,下行,生米-向塘,,,623,32.7,45.393,6450,300,,,
西环线,下行,生米-向塘,,,625,32.7,45.426,6450,300,,,
西环线,下行,生米-向塘,,,627,32.7,45.459,6450,300,,,
西环线,下行,生米-向塘,,,629,32.7,45.491,6450,300,,,
西环线,下行,生米-向塘,,,631,32.7,45.524,6450,300,,,
西环线,下行,生米-向塘,,,633,32.7,45.557,6450,300,,,
西环线,下行,生米-向塘,,,635,32.7,45.589,6450,300,,,
西环线,下行,生米-向塘,,,637,32.7,45.622,6450,300,锚柱,,
西环线,下行,生米-向塘,,,639,32.7,45.655,6450,300,转换柱,,
西环线,下行,生米-向塘,,,641,32.7,45.687,6450,300/100,中心柱,,
西环线,下行,生米-向塘,,,643,32.7,45.72,6450,300,转换柱,,
西环线,下行,生米-向塘,,,645,32.7,45.753,6450,300,锚柱,,
西环线,下行,生米-向塘,,,647,32.7,45.786,6450,50,,,
西环线,下行,生米-向塘,,,649,32.71,45.818,6450,150,,,
西环线,下行,生米-向塘,,,651,32.73,45.851,6450,150,,,
西环线,下行,生米-向塘,,,653,32.75,45.884,6450,250,,,
西环线,下行,生米-向塘,,,655,32.76,45.916,6450,250,,,
西环线,下行,生米-向塘,,,657,32.76,45.949,6450,250,,,
西环线,下行,生米-向塘,,,659,32.76,45.982,6450,250,,,
西环线,下行,生米-向塘,,,661,32.76,46.015,6450,250,,,
西环线,下行,生米-向塘,,,663,32.76,46.047,6450,250,,,
西环线,下行,生米-向塘,,,665,32.76,46.08,6450,250,,,
西环线,下行,生米-向塘,,,667,32.76,46.113,6450,250,,,
西环线,下行,生米-向塘,,,669,32.75,46.146,6450,250,,,
西环线,下行,生米-向塘,,,671,32.74,46.179,6450,250,,,
西环线,下行,生米-向塘,,,673,32.73,46.211,6450,250,,,
西环线,下行,生米-向塘,,,675,32.71,46.244,6450,250,,,
西环线,下行,生米-向塘,,,677,32.7,46.277,6450,250,,,
西环线,下行,生米-向塘,,,679,32.7,46.309,6450,250,,,
西环线,下行,生米-向塘,,,681,32.7,46.342,6450,150,,,
西环线,下行,生米-向塘,,,683,32.7,46.375,6450,150,,,
西环线,下行,生米-向塘,,,685,32.7,46.407,6450,100,,,
西环线,下行,生米-向塘,,,687,32.7,46.44,6450,300,,,
西环线,下行,生米-向塘,,,689,32.7,46.473,6450,300,吸上线,,
西环线,下行,生米-向塘,,,691,32.7,46.506,6450,300,,,
西环线,下行,生米-向塘,,,693,32.7,46.538,6450,300,,,
西环线,下行,生米-向塘,,,695,32.7,46.571,6450,300,,,
西环线,下行,生米-向塘,,,697,32.7,46.604,6450,300,,,
西环线,下行,生米-向塘,,,699,32.7,46.636,6450,300,,,
西环线,下行,生米-向塘,,,701,32.7,46.669,6450,300,,,
西环线,下行,生米-向塘,,,703,32.7,46.702,6450,300,,,
西环线,下行,生米-向塘,,,705,32.7,46.734,6450,300,,,
西环线,下行,生米-向塘,,,707,32.7,46.767,6450,300,,,
西环线,下行,生米-向塘,,,709,32.7,46.8,6450,300,,,
西环线,下行,生米-向塘,,,711,32.7,46.833,6450,300,,,
西环线,下行,生米-向塘,,,713,32.7,46.865,6450,300,,,
西环线,下行,生米-向塘,,,715,32.7,46.898,6450,300,,,
西环线,下行,生米-向塘,,,717,32.7,46.931,6450,300,,,
西环线,下行,生米-向塘,,,719,32.7,46.963,6450,300,,,
西环线,下行,生米-向塘,,,721,32.7,46.996,6450,300,锚柱,,
西环线,下行,生米-向塘,,,723,32.7,47.029,6450,300,转换柱,,
西环线,下行,生米-向塘,,,725,32.7,47.061,6450,300/100,中心柱,,
西环线,下行,生米-向塘,,,727,32.7,47.094,6450,300,转换柱,,
西环线,下行,生米-向塘,,,729,32.7,47.127,6450,300,锚柱,,
西环线,下行,生米-向塘,,,731,32.7,47.16,6450,300,,,
西环线,下行,生米-向塘,,,733,32.7,47.192,6450,300,,,
西环线,下行,生米-向塘,,,735,32.7,47.225,6450,300,,,
西环线,下行,生米-向塘,,,737,32.7,47.258,6450,300,,,
西环线,下行,生米-向塘,,,739,32.7,47.29,6450,300,,,
西环线,下行,生米-向塘,,,741,32.7,47.323,6450,300,,,
西环线,下行,生米-向塘,,,743,32.7,47.356,6450,300,,,
西环线,下行,生米-向塘,,,745,32.7,47.388,6450,300,,,
西环线,下行,生米-向塘,,,747,32.7,47.421,6450,300,,,
西环线,下行,生米-向塘,,,749,32.7,47.454,6450,300,,,
西环线,下行,生米-向塘,,,751,32.7,47.487,6450,300,,,
西环线,下行,生米-向塘,,,753,32.7,47.519,6450,300,,,
西环线,下行,生米-向塘,,,755,32.7,47.552,6450,300,,,
西环线,下行,生米-向塘,,,757,32.7,47.585,6450,300,,,
西环线,下行,生米-向塘,,,759,32.7,47.617,6450,300,,,
西环线,下行,生米-向塘,,,761,32.7,47.65,6450,300,,,
西环线,下行,生米-向塘,,,763,32.7,47.683,6450,300,,,
西环线,下行,生米-向塘,,,765,32.7,47.715,6450,300,,,
西环线,下行,生米-向塘,,,767,32.7,47.748,6450,300,,,
西环线,下行,生米-向塘,,,769,32.7,47.781,6450,300,,,
西环线,下行,生米-向塘,,,771,32.7,47.814,6450,300,,,
西环线,下行,生米-向塘,,,773,32.7,47.846,6450,300,,,
西环线,下行,生米-向塘,,,775,32.7,47.879,6450,300,,,
西环线,下行,生米-向塘,,,777,32.7,47.912,6450,300,,,
西环线,下行,生米-向塘,,,779,32.7,47.944,6450,300,,,
西环线,下行,生米-向塘,,,781,32.7,47.977,6450,300,,,
西环线,下行,生米-向塘,,,783,32.7,48.01,6450,300,,,
西环线,下行,生米-向塘,,,785,32.7,48.042,6450,300,,,
西环线,下行,生米-向塘,,,787,32.7,48.075,6450,300,,,
西环线,下行,生米-向塘,,,789,32.7,48.108,6450,300,,,
西环线,下行,生米-向塘,,,791,32.7,48.141,6450,300,,,
西环线,下行,生米-向塘,,,793,40,48.181,6450,300,,,
西环线,下行,生米-向塘,,,795,35,48.216,6450,300,,,
西环线,下行,生米-向塘,,,797,45,48.261,6450,300,,,
西环线,下行,生米-向塘,,,799,50,48.311,6450,300,锚柱,,
西环线,下行,生米-向塘,,,801,55,48.366,6450,300,转换柱,,
西环线,下行,生米-向塘,,,803,60,48.426,6450,300/100,中心柱,,
西环线,下行,生米-向塘,,,805,55,48.481,6450,300,转换柱,,
西环线,下行,生米-向塘,,,807,55,48.536,6450,300,锚柱,,
西环线,下行,生米-向塘,,,809,60,48.596,6450,300,,,
西环线,下行,生米-向塘,,,811,60,48.656,6450,300,,,
西环线,下行,生米-向塘,,,813,55,48.711,6450,300,,,
西环线,下行,生米-向塘,,,815,60,48.771,6450,300,,,
西环线,下行,生米-向塘,,,817,60,48.831,6450,300,,,
西环线,下行,生米-向塘,,,819,60,48.891,6450,300,,,
西环线,下行,生米-向塘,,,821,60,48.951,6450,300,,,
西环线,下行,生米-向塘,,,823,60,49.011,6450,300,,,
西环线,下行,生米-向塘,,,825,55,49.066,6450,300,,,
西环线,下行,生米-向塘,,,827,60,49.126,6450,300,,,
西环线,下行,生米-向塘,,,829,55,49.181,6450,300,,,
西环线,下行,生米-向塘,,,831,55,49.236,6450,300,,,
西环线,下行,生米-向塘,,,833,60,49.296,6450,300,,,
西环线,下行,生米-向塘,,,835,60,49.356,6450,300,,,
西环线,下行,生米-向塘,,,837,60,49.416,6450,300,,,
西环线,下行,生米-向塘,,,839,60,49.476,6450,300,,,
西环线,下行,生米-向塘,,,841,55,49.531,6450,300,,,
西环线,下行,生米-向塘,,,843,60,49.591,6450,300,,,
西环线,下行,生米-向塘,,,845,60,49.651,6450,300,锚柱,,
西环线,下行,生米-向塘,,,847,60,49.711,6450,300,转换柱,,
西环线,下行,生米-向塘,,,849,60,49.771,6450,300/100,中心柱,,
西环线,下行,生米-向塘,,,851,55,49.826,6450,300,转换柱,,
西环线,下行,生米-向塘,,,853,55,49.881,6450,300,锚柱,,
西环线,下行,生米-向塘,,,855,60,49.941,6450,300,,,
西环线,下行,生米-向塘,,,857,47,49.988,6450,300,,,
西环线,下行,生米-向塘,,,859,45,50.033,6450,300,,,
西环线,下行,生米-向塘,,,861,45,50.078,6450,300,,,
西环线,下行,生米-向塘,,,863,45,50.123,6450,300,,,
西环线,下行,生米-向塘,,,865,45,50.168,6450,300,,,
西环线,下行,生米-向塘,,,867,45.2,50.213,6450,300,,,
西环线,下行,生米-向塘,,,869,47.8,50.261,6450,300,,,
西环线,下行,生米-向塘,,,871,48,50.309,6450,300,,,
西环线,下行,生米-向塘,,,873,47,50.356,6450,300,,,
西环线,下行,生米-向塘,,,875,50,50.406,6450,300,,,
西环线,下行,生米-向塘,,,877,55,50.461,6450,300,,,
西环线,下行,生米-向塘,,,879,55,50.516,6450,300,吸上线,,
西环线,下行,生米-向塘,,,881,55,50.571,6450,300,,,
西环线,下行,生米-向塘,,,883,60,50.631,6450,300,,,
西环线,下行,生米-向塘,,,885,55,50.686,6450,300,,,
西环线,下行,生米-向塘,,,887,55,50.741,6450,300,,,
西环线,下行,生米-向塘,,,889,55,50.796,6450,300,,,
西环线,下行,生米-向塘,,,891,55,50.851,6450,300,,,
西环线,下行,生米-向塘,,,893,50.66,50.901,6450,300,,,
西环线,下行,生米-向塘,,,895,50,50.951,6450,300,,,
西环线,下行,生米-向塘,,,897,55,51.006,6450,300,锚柱,,
西环线,下行,生米-向塘,,,899,60,51.066,6450,300,转换柱,,
西环线,下行,生米-向塘,,,901,60,51.126,6450,300/100,中心柱,,
西环线,下行,生米-向塘,,,903,55,51.181,6450,300,转换柱,,
西环线,下行,生米-向塘,,,905,55,51.236,6450,300,锚柱,,
西环线,下行,生米-向塘,,,907,55,51.291,6450,300,,,
西环线,下行,生米-向塘,,,909,57,51.348,6450,300,,,
西环线,下行,生米-向塘,,,911,60,51.408,6450,300,,,
西环线,下行,生米-向塘,,,913,55,51.463,6450,300,,,
西环线,下行,生米-向塘,,,915,49.85,51.513,6450,300,,,
西环线,下行,生米-向塘,,,917,32.7,51.546,6450,300,,,
西环线,下行,生米-向塘,,,919,32.7,51.578,6450,300,,,
西环线,下行,生米-向塘,,,921,32.7,51.611,6450,300,,,
西环线,下行,生米-向塘,,,923,32.7,51.644,6450,300,,,
西环线,下行,生米-向塘,,,925,32.7,51.677,6450,300,,,
西环线,下行,生米-向塘,,,927,32.7,51.709,6450,300,,,
西环线,下行,生米-向塘,,,929,32.7,51.742,6450,300,,,
西环线,下行,生米-向塘,,,931,32.7,51.775,6450,300,,,
西环线,下行,生米-向塘,,,933,32.7,51.807,6450,300,,,
西环线,下行,生米-向塘,,,935,50,51.857,6450,300,,,
西环线,下行,生米-向塘,,,937,55,51.912,6450,300,,,
西环线,下行,生米-向塘,,,939,55,51.967,6450,300,,,
西环线,下行,生米-向塘,,,941,60,52.027,6450,300,,,
西环线,下行,生米-向塘,,,943,55,52.082,6450,300,,,
西环线,下行,生米-向塘,,,945,60,52.142,6450,300,,,
西环线,下行,生米-向塘,,,947,60,52.202,6450,300,,,
西环线,下行,生米-向塘,,,949,60,52.262,6450,300,锚柱,,
西环线,下行,生米-向塘,,,951,60,52.322,6450,300,转换柱,,
西环线,下行,生米-向塘,,,953,60,52.382,6450,300/100,中心柱,,
西环线,下行,生米-向塘,,,955,55,52.437,6450,300,转换柱,,
西环线,下行,生米-向塘,,,957,55,52.492,6450,300,锚柱,,
西环线,下行,生米-向塘,,,959,55,52.547,6450,300,,,
西环线,下行,生米-向塘,,,961,60,52.607,6450,300,,,
西环线,下行,生米-向塘,,,963,60,52.667,6450,300,,,
西环线,下行,生米-向塘,,,965,60,52.727,6450,300,,,
西环线,下行,生米-向塘,,,967,60,52.787,6450,300,,,
西环线,下行,生米-向塘,,,969,55,52.842,6450,300,,,
西环线,下行,生米-向塘,,,971,60,52.902,6450,300,,,
西环线,下行,生米-向塘,,,973,60,52.962,6450,300,,,
西环线,下行,生米-向塘,,,975,60,53.022,6450,300,,,
西环线,下行,生米-向塘,,,977,55,53.077,6450,300,,,
西环线,下行,生米-向塘,,,979,55,53.132,6450,300,,,
西环线,下行,生米-向塘,,,981,60,53.192,6450,300,,,
西环线,下行,生米-向塘,,,983,55,53.247,6450,300,,,
西环线,下行,生米-向塘,,,985,60,53.307,6450,300,,,
西环线,下行,生米-向塘,,,987,60,53.367,6450,300,,,
西环线,下行,生米-向塘,,,989,60,53.427,6450,300,,,
西环线,下行,生米-向塘,,,991,60,53.487,6450,300,,,
西环线,下行,生米-向塘,,,993,60,53.547,6450,300,锚柱,,
西环线,下行,生米-向塘,,,995,60,53.607,6450,300,转换柱,,
西环线,下行,生米-向塘,,,997,55,53.662,6450,300/100,中心柱,,
西环线,下行,生米-向塘,,,999,55,53.717,6450,300,转换柱,,
西环线,下行,生米-向塘,,,1001,55,53.772,6450,300,锚柱,,
西环线,下行,生米-向塘,,,1003,55,53.827,6450,300,,,
西环线,下行,生米-向塘,,,1005,60,53.887,6450,300,,,
西环线,下行,生米-向塘,,,1007,60,53.947,6450,300,,,
西环线,下行,生米-向塘,,,1009,60,54.007,6450,300,,,
西环线,下行,生米-向塘,,,1011,60,54.067,6450,300,,,
西环线,下行,生米-向塘,,,1013,60,54.127,6450,300,,,
西环线,下行,生米-向塘,,,1015,55,54.182,6450,300,,,
西环线,下行,生米-向塘,,,1017,60,54.242,6450,300,,,
西环线,下行,生米-向塘,,,1019,60,54.302,6450,300,,,
西环线,下行,生米-向塘,,,1021,55,54.357,6450,300,,,
西环线,下行,生米-向塘,,,1023,55,54.412,6450,300,,,
西环线,下行,生米-向塘,,,1025,55,54.467,6450,300,,,
西环线,下行,生米-向塘,,,1027,55,54.522,6450,300,吸上线,,
西环线,下行,生米-向塘,,,1029,55,54.577,6450,300,,,
西环线,下行,生米-向塘,,,1031,56,54.633,6450,300,,,
西环线,下行,生米-向塘,,,1033,49.5,54.683,6450,300,,,
西环线,下行,生米-向塘,,,1035,32.7,54.716,6450,300,,,
西环线,下行,生米-向塘,,,1037,50,54.766,6450,300,,,
西环线,下行,生米-向塘,,,1039,50,54.816,6450,300,锚柱,,
西环线,下行,生米-向塘,,,1041,55,54.871,6450,300,转换柱,,
西环线,下行,生米-向塘,,,1043,55,54.926,6450,300/100,中心柱,,
西环线,下行,生米-向塘,,,1045,45,54.971,6450,300,转换柱,,
西环线,下行,生米-向塘,,,1047,45,55.016,6450,300,锚柱,,
西环线,下行,生米-向塘,,,1049,55,55.071,6450,300,,,
西环线,下行,生米-向塘,,,1051,55,55.126,6450,300,,,
西环线,下行,生米-向塘,,,1053,50,55.176,6450,300,,,
西环线,下行,生米-向塘,,,1055,55,55.231,6450,300,,,
西环线,下行,生米-向塘,,,1057,50.65,55.281,6450,300,,,
西环线,下行,生米-向塘,,,1059,50,55.331,6450,300,,,
西环线,下行,生米-向塘,,,1061,55,55.386,6450,300,,,
西环线,下行,生米-向塘,,,1063,60,55.446,6450,300,,,
西环线,下行,生米-向塘,,,1065,60,55.506,6450,300,,,
西环线,下行,生米-向塘,,,1067,60,55.566,6450,300,,,
西环线,下行,生米-向塘,,,1069,60,55.626,6450,300,,,
西环线,下行,生米-向塘,,,1071,55,55.681,6450,300,,,
西环线,下行,生米-向塘,,,1073,50,55.731,6450,300,,,
西环线,下行,生米-向塘,,,1075,50,55.781,6450,300,,,
西环线,下行,生米-向塘,,,1077,45,55.826,6450,300,,,
西环线,下行,生米-向塘,,,1079,56,55.882,6450,300,,,
西环线,下行,生米-向塘,,,1081,47,55.929,6450,300,,,
西环线,下行,生米-向塘,,,1083,47,55.976,6450,300,,,
西环线,下行,生米-向塘,,,1085,55,56.031,6450,300,,,
西环线,下行,生米-向塘,,,1087,60,56.091,6450,300,,,
西环线,下行,生米-向塘,,,1089,55,56.146,6450,300,硬锚,,
西环线,下行,生米-向塘,,,1091,55,56.201,6450,150,转换柱,,
西环线,下行,生米-向塘,,,1093,51.5,56.253,6450,150/300,中心柱,,
西环线,下行,生米-向塘,,,1095,40,56.293,6450,150,锚柱,,
西环线,下行,生米-向塘,,,1097,40,56.333,6450,150,锚柱,,
西环线,下行,生米-向塘,,,1099,33,56.366,6450,300/150,中心柱,,
西环线,下行,生米-向塘,,,1101,40,56.406,6450,150,转换柱,,
西环线,下行,生米-向塘,,,1103,40,56.446,6450,250,锚柱,,
西环线,下行,生米-向塘,,,1105,51.5,56.497,6450,250,,,
西环线,下行,生米-向塘,,,1107,49.78,56.547,6450,300,,,
西环线,下行,生米-向塘,,,1109,32.76,56.58,6450,250,,,
西环线,下行,生米-向塘,,,1111,32.76,56.613,6450,250,,,
西环线,下行,生米-向塘,,,1113,32.76,56.645,6450,250,,,
西环线,下行,生米-向塘,,,1115,32.76,56.678,6450,250,,,
西环线,下行,生米-向塘,,,1117,32.76,56.711,6450,250,,,
西环线,下行,生米-向塘,,,1119,32.76,56.744,6450,250,,,
西环线,下行,生米-向塘,,,1121,32.76,56.776,6450,250,,,
西环线,下行,生米-向塘,,,1123,32.76,56.809,6450,250,,,
西环线,下行,生米-向塘,,,1125,32.76,56.842,6450,250,,,
西环线,下行,生米-向塘,,,1127,32.76,56.875,6450,250,,,
西环线,下行,生米-向塘,,,1129,32.76,56.907,6450,250,,,
西环线,下行,生米-向塘,,,1131,32.76,56.94,6450,250,,,
西环线,下行,生米-向塘,,,1133,32.76,56.973,6450,250,,,
西环线,下行,生米-向塘,,,1135,32.76,57.006,6450,250,,,
西环线,下行,生米-向塘,,,1137,32.76,57.038,6450,250,,,
西环线,下行,生米-向塘,,,1139,32.76,57.071,6450,250,,,
西环线,下行,生米-向塘,,,1141,32.76,57.104,6450,250,,,
西环线,下行,生米-向塘,,,1143,32.76,57.137,6450,250,,,
西环线,下行,生米-向塘,,,1145,32.76,57.169,6450,250,,,
西环线,下行,生米-向塘,,,1147,32.76,57.202,6450,250,,,
西环线,下行,生米-向塘,,,1149,32.76,57.235,6450,250,,,
西环线,下行,生米-向塘,,,1151,32.76,57.268,6450,250,,,
西环线,下行,生米-向塘,,,1153,32.76,57.3,6450,250,,,
西环线,下行,生米-向塘,,,1155,32.76,57.333,6450,250,,,
西环线,下行,生米-向塘,,,1157,32.75,57.366,6450,150,,,
西环线,下行,生米-向塘,,,1159,32.73,57.399,6450,100,,,
西环线,下行,生米-向塘,,,1161,32.72,57.431,6450,300,,,
西环线,下行,生米-向塘,,,1163,32.71,57.464,6450,300,,,
西环线,下行,生米-向塘,,,1165,32.7,57.497,6450,300,,,
西环线,下行,生米-向塘,,,1167,32.7,57.53,6450,300,,,
西环线,下行,生米-向塘,,,1169,32.7,57.562,6450,300,,,
西环线,下行,生米-向塘,,,1171,32.7,57.595,6450,300,锚柱,,
西环线,下行,生米-向塘,,,1173,32.7,57.628,6450,300,转换柱,,
西环线,下行,生米-向塘,,,1175,32.7,57.66,6450,300/100,中心柱,,
西环线,下行,生米-向塘,,,1177,24.7,57.685,6450,150,转换柱,,
西环线,下行,生米-向塘,,,1179,24.71,57.71,6450,250,锚柱,,
西环线,下行,生米-向塘,,,1181,32.74,57.742,6450,400,,,
西环线,下行,生米-向塘,,,1183,32.78,57.775,6450,400,,,
西环线,下行,生米-向塘,,,1185,32.82,57.808,6450,400,,,
西环线,下行,生米-向塘,,,1187,32.85,57.841,6450,400,,,
西环线,下行,生米-向塘,,,1189,32.85,57.874,6450,400,,,
西环线,下行,生米-向塘,,,1191,45,57.919,6450,400,,,
西环线,下行,生米-向塘,,,1193,45,57.964,6450,400,,,
西环线,下行,生米-向塘,,,1195,45,58.009,6450,400,,,
西环线,下行,生米-向塘,,,1197,45,58.054,6450,400,,,
西环线,下行,生米-向塘,,,1199,45,58.099,6450,400,,,
西环线,下行,生米-向塘,,,1201,45,58.144,6450,400,,,
西环线,下行,生米-向塘,,,1203,40,58.184,6450,400,锚柱,,
西环线,下行,生米-向塘,,,1205,45,58.229,6450,400,转换柱,,
西环线,下行,生米-向塘,,,1207,45,58.274,6450,400/200,中心柱,,
西环线,下行,生米-向塘,,,1209,40,58.314,6450,300,转换柱,,
西环线,下行,生米-向塘,,,1211,40,58.354,6450,400,锚柱、吸上线,,
西环线,下行,生米-向塘,,,1213,40,58.394,6450,400,,,
西环线,下行,生米-向塘,,,1215,45,58.439,6450,400,,,
西环线,下行,生米-向塘,,,1217,45,58.484,6450,400,,,
西环线,下行,生米-向塘,,,1219,45,58.529,6450,400,,,
西环线,下行,生米-向塘,,,1221,45,58.574,6450,400,,,
西环线,下行,生米-向塘,,,1223,40,58.614,6450,400,,,
西环线,下行,生米-向塘,,,1225,45,58.659,6450,400,,,
西环线,下行,生米-向塘,,,1227,45,58.704,6450,400,,,
西环线,下行,生米-向塘,,,1229,45,58.749,6450,400,,,
西环线,下行,生米-向塘,,,1231,45,58.794,6450,400,,,
西环线,下行,生米-向塘,,,1233,45,58.839,6450,400,,,
西环线,下行,生米-向塘,,,1235,40,58.879,6450,250,,,
西环线,下行,生米-向塘,,,1237,40,58.919,6450,150,,,
西环线,下行,生米-向塘,,,1239,45,58.964,6450,300,,,
西环线,下行,生米-向塘,,,1241,40,59.004,6450,300,,,
西环线,下行,生米-向塘,,,1243,40,59.044,6450,300,,,
西环线,下行,生米-向塘,,,1245,40,59.084,6450,150,,,
西环线,下行,生米-向塘,,,1247,40,59.124,6450,400,,,
西环线,下行,生米-向塘,,,1249,40,59.164,6450,400,,,
西环线,下行,生米-向塘,,,1251,40,59.204,6450,400,,,
西环线,下行,生米-向塘,,,1253,45,59.249,6450,400,,,
西环线,下行,生米-向塘,,,XH01,40,59.295,6450,300,锚柱,,
西环线,下行,生米-向塘,,,XH03,40,59.334,6450,300,转换柱,,
西环线,下行,生米-向塘,,,XH05,40,59.369,6450,300/150,中心柱,,
西环线,下行,生米-向塘,,,XH07,35,59.404,6450,300/150,中心柱,,
西环线,下行,生米-向塘,,,XH09,40,59.439,6450,150/300,转换柱,,
西环线,下行,生米-向塘,,,XH11,40,59.496,6450,750/300,锚柱,,
西环线,下行,向塘站,,,,,,,,,,
